kernel,runtime,gpu,collapse,num_teams,num_threads,mem_to,mem_alloc,mem_from,mem_delete,num_var,N1,
gauss_kernel_cpu,221,0,1,1,32,0,0,0,0,1,32,
gauss_kernel_cpu_collapse,220,0,2,1,32,0,0,0,0,1,32,
gauss_kernel_gpu,103,1,1,1,32,4,0,4,0,1,32,
gauss_kernel_gpu_collapse,102,1,2,32,32,4,0,4,0,1,32,
gauss_kernel_gpu_mem,166,1,1,1,32,8196,0,8196,8192,1,32,
gauss_kernel_gpu_collapse_mem,162,1,2,32,32,8196,0,8196,8192,1,32,
gauss_kernel_cpu,223,0,1,1,64,0,0,0,0,1,64,
gauss_kernel_cpu_collapse,225,0,2,1,64,0,0,0,0,1,64,
gauss_kernel_gpu,102,1,1,1,64,4,0,4,0,1,64,
gauss_kernel_gpu_collapse,103,1,2,64,64,4,0,4,0,1,64,
gauss_kernel_gpu_mem,220,1,1,1,64,32772,0,32772,32768,1,64,
gauss_kernel_gpu_collapse_mem,221,1,2,64,64,32772,0,32772,32768,1,64,
gauss_kernel_cpu,241,0,1,1,96,0,0,0,0,1,96,
gauss_kernel_cpu_collapse,223,0,2,1,96,0,0,0,0,1,96,
gauss_kernel_gpu,115,1,1,1,96,4,0,4,0,1,96,
gauss_kernel_gpu_collapse,101,1,2,96,96,4,0,4,0,1,96,
gauss_kernel_gpu_mem,251,1,1,1,96,73732,0,73732,73728,1,96,
gauss_kernel_gpu_collapse_mem,237,1,2,96,96,73732,0,73732,73728,1,96,
gauss_kernel_cpu,245,0,1,1,128,0,0,0,0,1,128,
gauss_kernel_cpu_collapse,244,0,2,1,128,0,0,0,0,1,128,
gauss_kernel_gpu,125,1,1,1,128,4,0,4,0,1,128,
gauss_kernel_gpu_collapse,105,1,2,128,128,4,0,4,0,1,128,
gauss_kernel_gpu_mem,291,1,1,1,128,131076,0,131076,131072,1,128,
gauss_kernel_gpu_collapse_mem,269,1,2,128,128,131076,0,131076,131072,1,128,
gauss_kernel_cpu,246,0,1,1,128,0,0,0,0,1,160,
gauss_kernel_cpu_collapse,258,0,2,1,128,0,0,0,0,1,160,
gauss_kernel_gpu,149,1,1,2,128,4,0,4,0,1,160,
gauss_kernel_gpu_collapse,118,1,2,200,128,4,0,4,0,1,160,
gauss_kernel_gpu_mem,334,1,1,2,128,204804,0,204804,204800,1,160,
gauss_kernel_gpu_collapse_mem,303,1,2,200,128,204804,0,204804,204800,1,160,
gauss_kernel_cpu,216,0,1,1,128,0,0,0,0,1,192,
gauss_kernel_cpu_collapse,219,0,2,1,128,0,0,0,0,1,192,
gauss_kernel_gpu,162,1,1,2,128,4,0,4,0,1,192,
gauss_kernel_gpu_collapse,129,1,2,288,128,4,0,4,0,1,192,
gauss_kernel_gpu_mem,374,1,1,2,128,294916,0,294916,294912,1,192,
gauss_kernel_gpu_collapse_mem,347,1,2,288,128,294916,0,294916,294912,1,192,
gauss_kernel_cpu,246,0,1,1,128,0,0,0,0,1,224,
gauss_kernel_cpu_collapse,243,0,2,1,128,0,0,0,0,1,224,
gauss_kernel_gpu,166,1,1,2,128,4,0,4,0,1,224,
gauss_kernel_gpu_collapse,143,1,2,392,128,4,0,4,0,1,224,
gauss_kernel_gpu_mem,412,1,1,2,128,401412,0,401412,401408,1,224,
gauss_kernel_gpu_collapse_mem,387,1,2,392,128,401412,0,401412,401408,1,224,
gauss_kernel_cpu,257,0,1,1,128,0,0,0,0,1,256,
gauss_kernel_cpu_collapse,284,0,2,1,128,0,0,0,0,1,256,
gauss_kernel_gpu,174,1,1,2,128,4,0,4,0,1,256,
gauss_kernel_gpu_collapse,162,1,2,512,128,4,0,4,0,1,256,
gauss_kernel_gpu_mem,456,1,1,2,128,524292,0,524292,524288,1,256,
gauss_kernel_gpu_collapse_mem,447,1,2,512,128,524292,0,524292,524288,1,256,
gauss_kernel_cpu,249,0,1,1,128,0,0,0,0,1,288,
gauss_kernel_cpu_collapse,261,0,2,1,128,0,0,0,0,1,288,
gauss_kernel_gpu,199,1,1,3,128,4,0,4,0,1,288,
gauss_kernel_gpu_collapse,185,1,2,648,128,4,0,4,0,1,288,
gauss_kernel_gpu_mem,523,1,1,3,128,663556,0,663556,663552,1,288,
gauss_kernel_gpu_collapse_mem,507,1,2,648,128,663556,0,663556,663552,1,288,
gauss_kernel_cpu,244,0,1,1,128,0,0,0,0,1,320,
gauss_kernel_cpu_collapse,285,0,2,1,128,0,0,0,0,1,320,
gauss_kernel_gpu,218,1,1,3,128,4,0,4,0,1,320,
gauss_kernel_gpu_collapse,211,1,2,800,128,4,0,4,0,1,320,
gauss_kernel_gpu_mem,597,1,1,3,128,819204,0,819204,819200,1,320,
gauss_kernel_gpu_collapse_mem,591,1,2,800,128,819204,0,819204,819200,1,320,
gauss_kernel_cpu,277,0,1,1,128,0,0,0,0,1,352,
gauss_kernel_cpu_collapse,299,0,2,1,128,0,0,0,0,1,352,
gauss_kernel_gpu,219,1,1,3,128,4,0,4,0,1,352,
gauss_kernel_gpu_collapse,237,1,2,968,128,4,0,4,0,1,352,
gauss_kernel_gpu_mem,654,1,1,3,128,991236,0,991236,991232,1,352,
gauss_kernel_gpu_collapse_mem,667,1,2,968,128,991236,0,991236,991232,1,352,
gauss_kernel_cpu,253,0,1,1,128,0,0,0,0,1,384,
gauss_kernel_cpu_collapse,268,0,2,1,128,0,0,0,0,1,384,
gauss_kernel_gpu,240,1,1,3,128,4,0,4,0,1,384,
gauss_kernel_gpu_collapse,267,1,2,1152,128,4,0,4,0,1,384,
gauss_kernel_gpu_mem,765,1,1,3,128,1179652,0,1179652,1179648,1,384,
gauss_kernel_gpu_collapse_mem,793,1,2,1152,128,1179652,0,1179652,1179648,1,384,
gauss_kernel_cpu,274,0,1,1,128,0,0,0,0,1,416,
gauss_kernel_cpu_collapse,294,0,2,1,128,0,0,0,0,1,416,
gauss_kernel_gpu,249,1,1,4,128,4,0,4,0,1,416,
gauss_kernel_gpu_collapse,299,1,2,1352,128,4,0,4,0,1,416,
gauss_kernel_gpu_mem,831,1,1,4,128,1384452,0,1384452,1384448,1,416,
gauss_kernel_gpu_collapse_mem,881,1,2,1352,128,1384452,0,1384452,1384448,1,416,
gauss_kernel_cpu,256,0,1,1,128,0,0,0,0,1,448,
gauss_kernel_cpu_collapse,279,0,2,1,128,0,0,0,0,1,448,
gauss_kernel_gpu,255,1,1,4,128,4,0,4,0,1,448,
gauss_kernel_gpu_collapse,334,1,2,1568,128,4,0,4,0,1,448,
gauss_kernel_gpu_mem,890,1,1,4,128,1605636,0,1605636,1605632,1,448,
gauss_kernel_gpu_collapse_mem,971,1,2,1568,128,1605636,0,1605636,1605632,1,448,
gauss_kernel_cpu,299,0,1,1,128,0,0,0,0,1,480,
gauss_kernel_cpu_collapse,334,0,2,1,128,0,0,0,0,1,480,
gauss_kernel_gpu,281,1,1,4,128,4,0,4,0,1,480,
gauss_kernel_gpu_collapse,370,1,2,1800,128,4,0,4,0,1,480,
gauss_kernel_gpu_mem,1027,1,1,4,128,1843204,0,1843204,1843200,1,480,
gauss_kernel_gpu_collapse_mem,1108,1,2,1800,128,1843204,0,1843204,1843200,1,480,
gauss_kernel_cpu,325,0,1,1,128,0,0,0,0,1,512,
gauss_kernel_cpu_collapse,369,0,2,1,128,0,0,0,0,1,512,
gauss_kernel_gpu,270,1,1,4,128,4,0,4,0,1,512,
gauss_kernel_gpu_collapse,409,1,2,2048,128,4,0,4,0,1,512,
gauss_kernel_gpu_mem,2724,1,1,4,128,2097156,0,2097156,2097152,1,512,
gauss_kernel_gpu_collapse_mem,2859,1,2,2048,128,2097156,0,2097156,2097152,1,512,
gauss_kernel_cpu,308,0,1,1,128,0,0,0,0,1,544,
gauss_kernel_cpu_collapse,356,0,2,1,128,0,0,0,0,1,544,
gauss_kernel_gpu,303,1,1,5,128,4,0,4,0,1,544,
gauss_kernel_gpu_collapse,449,1,2,2312,128,4,0,4,0,1,544,
gauss_kernel_gpu_mem,2908,1,1,5,128,2367492,0,2367492,2367488,1,544,
gauss_kernel_gpu_collapse_mem,3042,1,2,2312,128,2367492,0,2367492,2367488,1,544,
gauss_kernel_cpu,318,0,1,1,128,0,0,0,0,1,576,
gauss_kernel_cpu_collapse,364,0,2,1,128,0,0,0,0,1,576,
gauss_kernel_gpu,317,1,1,5,128,4,0,4,0,1,576,
gauss_kernel_gpu_collapse,497,1,2,2592,128,4,0,4,0,1,576,
gauss_kernel_gpu_mem,3112,1,1,5,128,2654212,0,2654212,2654208,1,576,
gauss_kernel_gpu_collapse_mem,3268,1,2,2592,128,2654212,0,2654212,2654208,1,576,
gauss_kernel_cpu,323,0,1,1,128,0,0,0,0,1,608,
gauss_kernel_cpu_collapse,383,0,2,1,128,0,0,0,0,1,608,
gauss_kernel_gpu,319,1,1,5,128,4,0,4,0,1,608,
gauss_kernel_gpu_collapse,539,1,2,2888,128,4,0,4,0,1,608,
gauss_kernel_gpu_mem,3227,1,1,5,128,2957316,0,2957316,2957312,1,608,
gauss_kernel_gpu_collapse_mem,3429,1,2,2888,128,2957316,0,2957316,2957312,1,608,
gauss_kernel_cpu,347,0,1,1,128,0,0,0,0,1,640,
gauss_kernel_cpu_collapse,396,0,2,1,128,0,0,0,0,1,640,
gauss_kernel_gpu,354,1,1,5,128,4,0,4,0,1,640,
gauss_kernel_gpu_collapse,594,1,2,3200,128,4,0,4,0,1,640,
gauss_kernel_gpu_mem,3348,1,1,5,128,3276804,0,3276804,3276800,1,640,
gauss_kernel_gpu_collapse_mem,3578,1,2,3200,128,3276804,0,3276804,3276800,1,640,
gauss_kernel_cpu,364,0,1,1,128,0,0,0,0,1,672,
gauss_kernel_cpu_collapse,430,0,2,1,128,0,0,0,0,1,672,
gauss_kernel_gpu,408,1,1,6,128,4,0,4,0,1,672,
gauss_kernel_gpu_collapse,304,1,2,3528,128,4,0,4,0,1,672,
gauss_kernel_gpu_mem,3526,1,1,6,128,3612676,0,3612676,3612672,1,672,
gauss_kernel_gpu_collapse_mem,3415,1,2,3528,128,3612676,0,3612676,3612672,1,672,
gauss_kernel_cpu,359,0,1,1,128,0,0,0,0,1,704,
gauss_kernel_cpu_collapse,440,0,2,1,128,0,0,0,0,1,704,
gauss_kernel_gpu,347,1,1,6,128,4,0,4,0,1,704,
gauss_kernel_gpu_collapse,696,1,2,3872,128,4,0,4,0,1,704,
gauss_kernel_gpu_mem,3693,1,1,6,128,3964932,0,3964932,3964928,1,704,
gauss_kernel_gpu_collapse_mem,3995,1,2,3872,128,3964932,0,3964932,3964928,1,704,
gauss_kernel_cpu,366,0,1,1,128,0,0,0,0,1,736,
gauss_kernel_cpu_collapse,460,0,2,1,128,0,0,0,0,1,736,
gauss_kernel_gpu,416,1,1,6,128,4,0,4,0,1,736,
gauss_kernel_gpu_collapse,757,1,2,4232,128,4,0,4,0,1,736,
gauss_kernel_gpu_mem,3988,1,1,6,128,4333572,0,4333572,4333568,1,736,
gauss_kernel_gpu_collapse_mem,4287,1,2,4232,128,4333572,0,4333572,4333568,1,736,
gauss_kernel_cpu,377,0,1,1,128,0,0,0,0,1,768,
gauss_kernel_cpu_collapse,486,0,2,1,128,0,0,0,0,1,768,
gauss_kernel_gpu,453,1,1,6,128,4,0,4,0,1,768,
gauss_kernel_gpu_collapse,812,1,2,4608,128,4,0,4,0,1,768,
gauss_kernel_gpu_mem,4113,1,1,6,128,4718596,0,4718596,4718592,1,768,
gauss_kernel_gpu_collapse_mem,4507,1,2,4608,128,4718596,0,4718596,4718592,1,768,
gauss_kernel_cpu,398,0,1,1,128,0,0,0,0,1,800,
gauss_kernel_cpu_collapse,486,0,2,1,128,0,0,0,0,1,800,
gauss_kernel_gpu,420,1,1,7,128,4,0,4,0,1,800,
gauss_kernel_gpu_collapse,873,1,2,5000,128,4,0,4,0,1,800,
gauss_kernel_gpu_mem,4297,1,1,7,128,5120004,0,5120004,5120000,1,800,
gauss_kernel_gpu_collapse_mem,4825,1,2,5000,128,5120004,0,5120004,5120000,1,800,
gauss_kernel_cpu,418,0,1,1,128,0,0,0,0,1,832,
gauss_kernel_cpu_collapse,500,0,2,1,128,0,0,0,0,1,832,
gauss_kernel_gpu,471,1,1,7,128,4,0,4,0,1,832,
gauss_kernel_gpu_collapse,944,1,2,5408,128,4,0,4,0,1,832,
gauss_kernel_gpu_mem,4606,1,1,7,128,5537796,0,5537796,5537792,1,832,
gauss_kernel_gpu_collapse_mem,5052,1,2,5408,128,5537796,0,5537796,5537792,1,832,
gauss_kernel_cpu,467,0,1,1,128,0,0,0,0,1,864,
gauss_kernel_cpu_collapse,551,0,2,1,128,0,0,0,0,1,864,
gauss_kernel_gpu,489,1,1,7,128,4,0,4,0,1,864,
gauss_kernel_gpu_collapse,1026,1,2,5832,128,4,0,4,0,1,864,
gauss_kernel_gpu_mem,4761,1,1,7,128,5971972,0,5971972,5971968,1,864,
gauss_kernel_gpu_collapse_mem,5349,1,2,5832,128,5971972,0,5971972,5971968,1,864,
gauss_kernel_cpu,463,0,1,1,128,0,0,0,0,1,896,
gauss_kernel_cpu_collapse,582,0,2,1,128,0,0,0,0,1,896,
gauss_kernel_gpu,497,1,1,7,128,4,0,4,0,1,896,
gauss_kernel_gpu_collapse,1084,1,2,6272,128,4,0,4,0,1,896,
gauss_kernel_gpu_mem,5325,1,1,7,128,6422532,0,6422532,6422528,1,896,
gauss_kernel_gpu_collapse_mem,5823,1,2,6272,128,6422532,0,6422532,6422528,1,896,
gauss_kernel_cpu,456,0,1,1,128,0,0,0,0,1,928,
gauss_kernel_cpu_collapse,576,0,2,1,128,0,0,0,0,1,928,
gauss_kernel_gpu,525,1,1,8,128,4,0,4,0,1,928,
gauss_kernel_gpu_collapse,1112,1,2,6728,128,4,0,4,0,1,928,
gauss_kernel_gpu_mem,5744,1,1,8,128,6889476,0,6889476,6889472,1,928,
gauss_kernel_gpu_collapse_mem,6224,1,2,6728,128,6889476,0,6889476,6889472,1,928,
gauss_kernel_cpu,481,0,1,1,128,0,0,0,0,1,960,
gauss_kernel_cpu_collapse,608,0,2,1,128,0,0,0,0,1,960,
gauss_kernel_gpu,541,1,1,8,128,4,0,4,0,1,960,
gauss_kernel_gpu_collapse,1178,1,2,7200,128,4,0,4,0,1,960,
gauss_kernel_gpu_mem,6050,1,1,8,128,7372804,0,7372804,7372800,1,960,
gauss_kernel_gpu_collapse_mem,6701,1,2,7200,128,7372804,0,7372804,7372800,1,960,
gauss_kernel_cpu,539,0,1,1,128,0,0,0,0,1,992,
gauss_kernel_cpu_collapse,672,0,2,1,128,0,0,0,0,1,992,
gauss_kernel_gpu,503,1,1,8,128,4,0,4,0,1,992,
gauss_kernel_gpu_collapse,1266,1,2,7688,128,4,0,4,0,1,992,
gauss_kernel_gpu_mem,6267,1,1,8,128,7872516,0,7872516,7872512,1,992,
gauss_kernel_gpu_collapse_mem,7051,1,2,7688,128,7872516,0,7872516,7872512,1,992,
gauss_kernel_cpu,540,0,1,1,128,0,0,0,0,1,1024,
gauss_kernel_cpu_collapse,663,0,2,1,128,0,0,0,0,1,1024,
gauss_kernel_gpu,537,1,1,8,128,4,0,4,0,1,1024,
gauss_kernel_gpu_collapse,1379,1,2,8192,128,4,0,4,0,1,1024,
gauss_kernel_gpu_mem,6556,1,1,8,128,8388612,0,8388612,8388608,1,1024,
gauss_kernel_gpu_collapse_mem,7471,1,2,8192,128,8388612,0,8388612,8388608,1,1024,
gauss_kernel_cpu,557,0,1,1,128,0,0,0,0,1,1056,
gauss_kernel_cpu_collapse,718,0,2,1,128,0,0,0,0,1,1056,
gauss_kernel_gpu,541,1,1,9,128,4,0,4,0,1,1056,
gauss_kernel_gpu_collapse,1434,1,2,8712,128,4,0,4,0,1,1056,
gauss_kernel_gpu_mem,7234,1,1,9,128,8921092,0,8921092,8921088,1,1056,
gauss_kernel_gpu_collapse_mem,8110,1,2,8712,128,8921092,0,8921092,8921088,1,1056,
gauss_kernel_cpu,557,0,1,1,128,0,0,0,0,1,1088,
gauss_kernel_cpu_collapse,741,0,2,1,128,0,0,0,0,1,1088,
gauss_kernel_gpu,578,1,1,9,128,4,0,4,0,1,1088,
gauss_kernel_gpu_collapse,1512,1,2,9248,128,4,0,4,0,1,1088,
gauss_kernel_gpu_mem,7587,1,1,9,128,9469956,0,9469956,9469952,1,1088,
gauss_kernel_gpu_collapse_mem,8583,1,2,9248,128,9469956,0,9469956,9469952,1,1088,
gauss_kernel_cpu,589,0,1,1,128,0,0,0,0,1,1120,
gauss_kernel_cpu_collapse,724,0,2,1,128,0,0,0,0,1,1120,
gauss_kernel_gpu,606,1,1,9,128,4,0,4,0,1,1120,
gauss_kernel_gpu_collapse,1603,1,2,9800,128,4,0,4,0,1,1120,
gauss_kernel_gpu_mem,8089,1,1,9,128,10035204,0,10035204,10035200,1,1120,
gauss_kernel_gpu_collapse_mem,7737,1,2,9800,128,10035204,0,10035204,10035200,1,1120,
gauss_kernel_cpu,609,0,1,1,128,0,0,0,0,1,1152,
gauss_kernel_cpu_collapse,779,0,2,1,128,0,0,0,0,1,1152,
gauss_kernel_gpu,597,1,1,9,128,4,0,4,0,1,1152,
gauss_kernel_gpu_collapse,1688,1,2,10368,128,4,0,4,0,1,1152,
gauss_kernel_gpu_mem,8432,1,1,9,128,10616836,0,10616836,10616832,1,1152,
gauss_kernel_gpu_collapse_mem,6537,1,2,10368,128,10616836,0,10616836,10616832,1,1152,
gauss_kernel_cpu,615,0,1,1,128,0,0,0,0,1,1184,
gauss_kernel_cpu_collapse,806,0,2,1,128,0,0,0,0,1,1184,
gauss_kernel_gpu,598,1,1,10,128,4,0,4,0,1,1184,
gauss_kernel_gpu_collapse,1820,1,2,10952,128,4,0,4,0,1,1184,
gauss_kernel_gpu_mem,8885,1,1,10,128,11214852,0,11214852,11214848,1,1184,
gauss_kernel_gpu_collapse_mem,8157,1,2,10952,128,11214852,0,11214852,11214848,1,1184,
gauss_kernel_cpu,656,0,1,1,128,0,0,0,0,1,1216,
gauss_kernel_cpu_collapse,846,0,2,1,128,0,0,0,0,1,1216,
gauss_kernel_gpu,575,1,1,10,128,4,0,4,0,1,1216,
gauss_kernel_gpu_collapse,1921,1,2,11552,128,4,0,4,0,1,1216,
gauss_kernel_gpu_mem,9238,1,1,10,128,11829252,0,11829252,11829248,1,1216,
gauss_kernel_gpu_collapse_mem,4256,1,2,11552,128,11829252,0,11829252,11829248,1,1216,
gauss_kernel_cpu,640,0,1,1,128,0,0,0,0,1,1248,
gauss_kernel_cpu_collapse,837,0,2,1,128,0,0,0,0,1,1248,
gauss_kernel_gpu,610,1,1,10,128,4,0,4,0,1,1248,
gauss_kernel_gpu_collapse,1973,1,2,12168,128,4,0,4,0,1,1248,
gauss_kernel_gpu_mem,9774,1,1,10,128,12460036,0,12460036,12460032,1,1248,
gauss_kernel_gpu_collapse_mem,4407,1,2,12168,128,12460036,0,12460036,12460032,1,1248,
gauss_kernel_cpu,690,0,1,1,128,0,0,0,0,1,1280,
gauss_kernel_cpu_collapse,878,0,2,1,128,0,0,0,0,1,1280,
gauss_kernel_gpu,605,1,1,10,128,4,0,4,0,1,1280,
gauss_kernel_gpu_collapse,2077,1,2,12800,128,4,0,4,0,1,1280,
gauss_kernel_gpu_mem,10230,1,1,10,128,13107204,0,13107204,13107200,1,1280,
gauss_kernel_gpu_collapse_mem,4614,1,2,12800,128,13107204,0,13107204,13107200,1,1280,
gauss_kernel_cpu,723,0,1,1,128,0,0,0,0,1,1312,
gauss_kernel_cpu_collapse,912,0,2,1,128,0,0,0,0,1,1312,
gauss_kernel_gpu,670,1,1,11,128,4,0,4,0,1,1312,
gauss_kernel_gpu_collapse,2180,1,2,13448,128,4,0,4,0,1,1312,
gauss_kernel_gpu_mem,10673,1,1,11,128,13770756,0,13770756,13770752,1,1312,
gauss_kernel_gpu_collapse_mem,4913,1,2,13448,128,13770756,0,13770756,13770752,1,1312,
gauss_kernel_cpu,753,0,1,1,128,0,0,0,0,1,1344,
gauss_kernel_cpu_collapse,1053,0,2,1,128,0,0,0,0,1,1344,
gauss_kernel_gpu,635,1,1,11,128,4,0,4,0,1,1344,
gauss_kernel_gpu_collapse,2278,1,2,14112,128,4,0,4,0,1,1344,
gauss_kernel_gpu_mem,11161,1,1,11,128,14450692,0,14450692,14450688,1,1344,
gauss_kernel_gpu_collapse_mem,5080,1,2,14112,128,14450692,0,14450692,14450688,1,1344,
gauss_kernel_cpu,765,0,1,1,128,0,0,0,0,1,1376,
gauss_kernel_cpu_collapse,1155,0,2,1,128,0,0,0,0,1,1376,
gauss_kernel_gpu,613,1,1,11,128,4,0,4,0,1,1376,
gauss_kernel_gpu_collapse,2383,1,2,14792,128,4,0,4,0,1,1376,
gauss_kernel_gpu_mem,11556,1,1,11,128,15147012,0,15147012,15147008,1,1376,
gauss_kernel_gpu_collapse_mem,5276,1,2,14792,128,15147012,0,15147012,15147008,1,1376,
gauss_kernel_cpu,766,0,1,1,128,0,0,0,0,1,1408,
gauss_kernel_cpu_collapse,1128,0,2,1,128,0,0,0,0,1,1408,
gauss_kernel_gpu,612,1,1,11,128,4,0,4,0,1,1408,
gauss_kernel_gpu_collapse,2491,1,2,15488,128,4,0,4,0,1,1408,
gauss_kernel_gpu_mem,12040,1,1,11,128,15859716,0,15859716,15859712,1,1408,
gauss_kernel_gpu_collapse_mem,5446,1,2,15488,128,15859716,0,15859716,15859712,1,1408,
gauss_kernel_cpu,806,0,1,1,128,0,0,0,0,1,1440,
gauss_kernel_cpu_collapse,1122,0,2,1,128,0,0,0,0,1,1440,
gauss_kernel_gpu,668,1,1,12,128,4,0,4,0,1,1440,
gauss_kernel_gpu_collapse,2626,1,2,16200,128,4,0,4,0,1,1440,
gauss_kernel_gpu_mem,12364,1,1,12,128,16588804,0,16588804,16588800,1,1440,
gauss_kernel_gpu_collapse_mem,5656,1,2,16200,128,16588804,0,16588804,16588800,1,1440,
gauss_kernel_cpu,854,0,1,1,128,0,0,0,0,1,1472,
gauss_kernel_cpu_collapse,1156,0,2,1,128,0,0,0,0,1,1472,
gauss_kernel_gpu,641,1,1,12,128,4,0,4,0,1,1472,
gauss_kernel_gpu_collapse,2724,1,2,16928,128,4,0,4,0,1,1472,
gauss_kernel_gpu_mem,13174,1,1,12,128,17334276,0,17334276,17334272,1,1472,
gauss_kernel_gpu_collapse_mem,6031,1,2,16928,128,17334276,0,17334276,17334272,1,1472,
gauss_kernel_cpu,843,0,1,1,128,0,0,0,0,1,1504,
gauss_kernel_cpu_collapse,1180,0,2,1,128,0,0,0,0,1,1504,
gauss_kernel_gpu,666,1,1,12,128,4,0,4,0,1,1504,
gauss_kernel_gpu_collapse,2915,1,2,17672,128,4,0,4,0,1,1504,
gauss_kernel_gpu_mem,13573,1,1,12,128,18096132,0,18096132,18096128,1,1504,
gauss_kernel_gpu_collapse_mem,6238,1,2,17672,128,18096132,0,18096132,18096128,1,1504,
gauss_kernel_cpu,854,0,1,1,128,0,0,0,0,1,1536,
gauss_kernel_cpu_collapse,1172,0,2,1,128,0,0,0,0,1,1536,
gauss_kernel_gpu,702,1,1,12,128,4,0,4,0,1,1536,
gauss_kernel_gpu_collapse,2961,1,2,18432,128,4,0,4,0,1,1536,
gauss_kernel_gpu_mem,14006,1,1,12,128,18874372,0,18874372,18874368,1,1536,
gauss_kernel_gpu_collapse_mem,6375,1,2,18432,128,18874372,0,18874372,18874368,1,1536,
gauss_kernel_cpu,897,0,1,1,128,0,0,0,0,1,1568,
gauss_kernel_cpu_collapse,1281,0,2,1,128,0,0,0,0,1,1568,
gauss_kernel_gpu,698,1,1,13,128,4,0,4,0,1,1568,
gauss_kernel_gpu_collapse,3101,1,2,19208,128,4,0,4,0,1,1568,
gauss_kernel_gpu_mem,14645,1,1,13,128,19668996,0,19668996,19668992,1,1568,
gauss_kernel_gpu_collapse_mem,6671,1,2,19208,128,19668996,0,19668996,19668992,1,1568,
gauss_kernel_cpu,915,0,1,1,128,0,0,0,0,1,1600,
gauss_kernel_cpu_collapse,1291,0,2,1,128,0,0,0,0,1,1600,
gauss_kernel_gpu,752,1,1,13,128,4,0,4,0,1,1600,
gauss_kernel_gpu_collapse,3216,1,2,20000,128,4,0,4,0,1,1600,
gauss_kernel_gpu_mem,15064,1,1,13,128,20480004,0,20480004,20480000,1,1600,
gauss_kernel_gpu_collapse_mem,6888,1,2,20000,128,20480004,0,20480004,20480000,1,1600,
gauss_kernel_cpu,1125,0,1,1,128,0,0,0,0,1,1632,
gauss_kernel_cpu_collapse,1312,0,2,1,128,0,0,0,0,1,1632,
gauss_kernel_gpu,748,1,1,13,128,4,0,4,0,1,1632,
gauss_kernel_gpu_collapse,3344,1,2,20808,128,4,0,4,0,1,1632,
gauss_kernel_gpu_mem,15536,1,1,13,128,21307396,0,21307396,21307392,1,1632,
gauss_kernel_gpu_collapse_mem,7161,1,2,20808,128,21307396,0,21307396,21307392,1,1632,
gauss_kernel_cpu,1067,0,1,1,128,0,0,0,0,1,1664,
gauss_kernel_cpu_collapse,1429,0,2,1,128,0,0,0,0,1,1664,
gauss_kernel_gpu,738,1,1,13,128,4,0,4,0,1,1664,
gauss_kernel_gpu_collapse,3590,1,2,21632,128,4,0,4,0,1,1664,
gauss_kernel_gpu_mem,16149,1,1,13,128,22151172,0,22151172,22151168,1,1664,
gauss_kernel_gpu_collapse_mem,7498,1,2,21632,128,22151172,0,22151172,22151168,1,1664,
gauss_kernel_cpu,1082,0,1,1,128,0,0,0,0,1,1696,
gauss_kernel_cpu_collapse,1483,0,2,1,128,0,0,0,0,1,1696,
gauss_kernel_gpu,865,1,1,14,128,4,0,4,0,1,1696,
gauss_kernel_gpu_collapse,1403,1,2,22472,128,4,0,4,0,1,1696,
gauss_kernel_gpu_mem,16664,1,1,14,128,23011332,0,23011332,23011328,1,1696,
gauss_kernel_gpu_collapse_mem,5421,1,2,22472,128,23011332,0,23011332,23011328,1,1696,
gauss_kernel_cpu,1121,0,1,1,128,0,0,0,0,1,1728,
gauss_kernel_cpu_collapse,1489,0,2,1,128,0,0,0,0,1,1728,
gauss_kernel_gpu,891,1,1,14,128,4,0,4,0,1,1728,
gauss_kernel_gpu_collapse,3766,1,2,23328,128,4,0,4,0,1,1728,
gauss_kernel_gpu_mem,17339,1,1,14,128,23887876,0,23887876,23887872,1,1728,
gauss_kernel_gpu_collapse_mem,7949,1,2,23328,128,23887876,0,23887876,23887872,1,1728,
gauss_kernel_cpu,1103,0,1,1,128,0,0,0,0,1,1760,
gauss_kernel_cpu_collapse,1499,0,2,1,128,0,0,0,0,1,1760,
gauss_kernel_gpu,865,1,1,14,128,4,0,4,0,1,1760,
gauss_kernel_gpu_collapse,3876,1,2,24200,128,4,0,4,0,1,1760,
gauss_kernel_gpu_mem,17861,1,1,14,128,24780804,0,24780804,24780800,1,1760,
gauss_kernel_gpu_collapse_mem,8239,1,2,24200,128,24780804,0,24780804,24780800,1,1760,
gauss_kernel_cpu,1157,0,1,1,128,0,0,0,0,1,1792,
gauss_kernel_cpu_collapse,1576,0,2,1,128,0,0,0,0,1,1792,
gauss_kernel_gpu,864,1,1,14,128,4,0,4,0,1,1792,
gauss_kernel_gpu_collapse,1560,1,2,25088,128,4,0,4,0,1,1792,
gauss_kernel_gpu_mem,18580,1,1,14,128,25690116,0,25690116,25690112,1,1792,
gauss_kernel_gpu_collapse_mem,6063,1,2,25088,128,25690116,0,25690116,25690112,1,1792,
gauss_kernel_cpu,1229,0,1,1,128,0,0,0,0,1,1824,
gauss_kernel_cpu_collapse,1655,0,2,1,128,0,0,0,0,1,1824,
gauss_kernel_gpu,830,1,1,15,128,4,0,4,0,1,1824,
gauss_kernel_gpu_collapse,4149,1,2,25992,128,4,0,4,0,1,1824,
gauss_kernel_gpu_mem,18731,1,1,15,128,26615812,0,26615812,26615808,1,1824,
gauss_kernel_gpu_collapse_mem,8709,1,2,25992,128,26615812,0,26615812,26615808,1,1824,
gauss_kernel_cpu,1205,0,1,1,128,0,0,0,0,1,1856,
gauss_kernel_cpu_collapse,1680,0,2,1,128,0,0,0,0,1,1856,
gauss_kernel_gpu,837,1,1,15,128,4,0,4,0,1,1856,
gauss_kernel_gpu_collapse,4328,1,2,26912,128,4,0,4,0,1,1856,
gauss_kernel_gpu_mem,19795,1,1,15,128,27557892,0,27557892,27557888,1,1856,
gauss_kernel_gpu_collapse_mem,9100,1,2,26912,128,27557892,0,27557892,27557888,1,1856,
gauss_kernel_cpu,1278,0,1,1,128,0,0,0,0,1,1888,
gauss_kernel_cpu_collapse,1684,0,2,1,128,0,0,0,0,1,1888,
gauss_kernel_gpu,824,1,1,15,128,4,0,4,0,1,1888,
gauss_kernel_gpu_collapse,4470,1,2,27848,128,4,0,4,0,1,1888,
gauss_kernel_gpu_mem,20091,1,1,15,128,28516356,0,28516356,28516352,1,1888,
gauss_kernel_gpu_collapse_mem,9306,1,2,27848,128,28516356,0,28516356,28516352,1,1888,
gauss_kernel_cpu,1262,0,1,1,128,0,0,0,0,1,1920,
gauss_kernel_cpu_collapse,1775,0,2,1,128,0,0,0,0,1,1920,
gauss_kernel_gpu,893,1,1,15,128,4,0,4,0,1,1920,
gauss_kernel_gpu_collapse,4751,1,2,28800,128,4,0,4,0,1,1920,
gauss_kernel_gpu_mem,22972,1,1,15,128,29491204,0,29491204,29491200,1,1920,
gauss_kernel_gpu_collapse_mem,9558,1,2,28800,128,29491204,0,29491204,29491200,1,1920,
gauss_kernel_cpu,1319,0,1,1,128,0,0,0,0,1,1952,
gauss_kernel_cpu_collapse,1805,0,2,1,128,0,0,0,0,1,1952,
gauss_kernel_gpu,852,1,1,16,128,4,0,4,0,1,1952,
gauss_kernel_gpu_collapse,4768,1,2,29768,128,4,0,4,0,1,1952,
gauss_kernel_gpu_mem,21292,1,1,16,128,30482436,0,30482436,30482432,1,1952,
gauss_kernel_gpu_collapse_mem,9884,1,2,29768,128,30482436,0,30482436,30482432,1,1952,
gauss_kernel_cpu,1367,0,1,1,128,0,0,0,0,1,1984,
gauss_kernel_cpu_collapse,1902,0,2,1,128,0,0,0,0,1,1984,
gauss_kernel_gpu,858,1,1,16,128,4,0,4,0,1,1984,
gauss_kernel_gpu_collapse,5091,1,2,30752,128,4,0,4,0,1,1984,
gauss_kernel_gpu_mem,21825,1,1,16,128,31490052,0,31490052,31490048,1,1984,
gauss_kernel_gpu_collapse_mem,10218,1,2,30752,128,31490052,0,31490052,31490048,1,1984,
gauss_kernel_cpu,1464,0,1,1,128,0,0,0,0,1,2016,
gauss_kernel_cpu_collapse,1957,0,2,1,128,0,0,0,0,1,2016,
gauss_kernel_gpu,919,1,1,16,128,4,0,4,0,1,2016,
gauss_kernel_gpu_collapse,5099,1,2,31752,128,4,0,4,0,1,2016,
gauss_kernel_gpu_mem,22528,1,1,16,128,32514052,0,32514052,32514048,1,2016,
gauss_kernel_gpu_collapse_mem,10830,1,2,31752,128,32514052,0,32514052,32514048,1,2016,
gauss_kernel_cpu,1458,0,1,1,128,0,0,0,0,1,2048,
gauss_kernel_cpu_collapse,2003,0,2,1,128,0,0,0,0,1,2048,
gauss_kernel_gpu,834,1,1,16,128,4,0,4,0,1,2048,
gauss_kernel_gpu_collapse,5413,1,2,32768,128,4,0,4,0,1,2048,
gauss_kernel_gpu_mem,23001,1,1,16,128,33554436,0,33554436,33554432,1,2048,
gauss_kernel_gpu_collapse_mem,10850,1,2,32768,128,33554436,0,33554436,33554432,1,2048,
gauss_kernel_cpu,1473,0,1,1,128,0,0,0,0,1,2080,
gauss_kernel_cpu_collapse,2026,0,2,1,128,0,0,0,0,1,2080,
gauss_kernel_gpu,945,1,1,17,128,4,0,4,0,1,2080,
gauss_kernel_gpu_collapse,5407,1,2,33800,128,4,0,4,0,1,2080,
gauss_kernel_gpu_mem,28630,1,1,17,128,34611204,0,34611204,34611200,1,2080,
gauss_kernel_gpu_collapse_mem,11192,1,2,33800,128,34611204,0,34611204,34611200,1,2080,
gauss_kernel_cpu,1529,0,1,1,128,0,0,0,0,1,2112,
gauss_kernel_cpu_collapse,2093,0,2,1,128,0,0,0,0,1,2112,
gauss_kernel_gpu,930,1,1,17,128,4,0,4,0,1,2112,
gauss_kernel_gpu_collapse,5590,1,2,34848,128,4,0,4,0,1,2112,
gauss_kernel_gpu_mem,26597,1,1,17,128,35684356,0,35684356,35684352,1,2112,
gauss_kernel_gpu_collapse_mem,11518,1,2,34848,128,35684356,0,35684356,35684352,1,2112,
gauss_kernel_cpu,1635,0,1,1,128,0,0,0,0,1,2144,
gauss_kernel_cpu_collapse,2157,0,2,1,128,0,0,0,0,1,2144,
gauss_kernel_gpu,960,1,1,17,128,4,0,4,0,1,2144,
gauss_kernel_gpu_collapse,5749,1,2,35912,128,4,0,4,0,1,2144,
gauss_kernel_gpu_mem,27401,1,1,17,128,36773892,0,36773892,36773888,1,2144,
gauss_kernel_gpu_collapse_mem,12085,1,2,35912,128,36773892,0,36773892,36773888,1,2144,
gauss_kernel_cpu,1629,0,1,1,128,0,0,0,0,1,2176,
gauss_kernel_cpu_collapse,2205,0,2,1,128,0,0,0,0,1,2176,
gauss_kernel_gpu,991,1,1,17,128,4,0,4,0,1,2176,
gauss_kernel_gpu_collapse,5948,1,2,36992,128,4,0,4,0,1,2176,
gauss_kernel_gpu_mem,27987,1,1,17,128,37879812,0,37879812,37879808,1,2176,
gauss_kernel_gpu_collapse_mem,12423,1,2,36992,128,37879812,0,37879812,37879808,1,2176,
gauss_kernel_cpu,1668,0,1,1,128,0,0,0,0,1,2208,
gauss_kernel_cpu_collapse,2281,0,2,1,128,0,0,0,0,1,2208,
gauss_kernel_gpu,977,1,1,18,128,4,0,4,0,1,2208,
gauss_kernel_gpu_collapse,6096,1,2,38088,128,4,0,4,0,1,2208,
gauss_kernel_gpu_mem,28513,1,1,18,128,39002116,0,39002116,39002112,1,2208,
gauss_kernel_gpu_collapse_mem,12606,1,2,38088,128,39002116,0,39002116,39002112,1,2208,
gauss_kernel_cpu,1685,0,1,1,128,0,0,0,0,1,2240,
gauss_kernel_cpu_collapse,2370,0,2,1,128,0,0,0,0,1,2240,
gauss_kernel_gpu,1041,1,1,18,128,4,0,4,0,1,2240,
gauss_kernel_gpu_collapse,6241,1,2,39200,128,4,0,4,0,1,2240,
gauss_kernel_gpu_mem,7744,1,1,18,128,40140804,0,40140804,40140800,1,2240,
gauss_kernel_gpu_collapse_mem,12948,1,2,39200,128,40140804,0,40140804,40140800,1,2240,
gauss_kernel_cpu,1765,0,1,1,128,0,0,0,0,1,2272,
gauss_kernel_cpu_collapse,2368,0,2,1,128,0,0,0,0,1,2272,
gauss_kernel_gpu,1028,1,1,18,128,4,0,4,0,1,2272,
gauss_kernel_gpu_collapse,6654,1,2,40328,128,4,0,4,0,1,2272,
gauss_kernel_gpu_mem,35230,1,1,18,128,41295876,0,41295876,41295872,1,2272,
gauss_kernel_gpu_collapse_mem,13459,1,2,40328,128,41295876,0,41295876,41295872,1,2272,
gauss_kernel_cpu,1789,0,1,1,128,0,0,0,0,1,2304,
gauss_kernel_cpu_collapse,2446,0,2,1,128,0,0,0,0,1,2304,
gauss_kernel_gpu,1037,1,1,18,128,4,0,4,0,1,2304,
gauss_kernel_gpu_collapse,6655,1,2,41472,128,4,0,4,0,1,2304,
gauss_kernel_gpu_mem,36752,1,1,18,128,42467332,0,42467332,42467328,1,2304,
gauss_kernel_gpu_collapse_mem,13738,1,2,41472,128,42467332,0,42467332,42467328,1,2304,
gauss_kernel_cpu,1835,0,1,1,128,0,0,0,0,1,2336,
gauss_kernel_cpu_collapse,2482,0,2,1,128,0,0,0,0,1,2336,
gauss_kernel_gpu,1044,1,1,19,128,4,0,4,0,1,2336,
gauss_kernel_gpu_collapse,7010,1,2,42632,128,4,0,4,0,1,2336,
gauss_kernel_gpu_mem,36928,1,1,19,128,43655172,0,43655172,43655168,1,2336,
gauss_kernel_gpu_collapse_mem,14216,1,2,42632,128,43655172,0,43655172,43655168,1,2336,
gauss_kernel_cpu,1838,0,1,1,128,0,0,0,0,1,2368,
gauss_kernel_cpu_collapse,2559,0,2,1,128,0,0,0,0,1,2368,
gauss_kernel_gpu,1038,1,1,19,128,4,0,4,0,1,2368,
gauss_kernel_gpu_collapse,7009,1,2,43808,128,4,0,4,0,1,2368,
gauss_kernel_gpu_mem,37763,1,1,19,128,44859396,0,44859396,44859392,1,2368,
gauss_kernel_gpu_collapse_mem,14568,1,2,43808,128,44859396,0,44859396,44859392,1,2368,
gauss_kernel_cpu,1897,0,1,1,128,0,0,0,0,1,2400,
gauss_kernel_cpu_collapse,2640,0,2,1,128,0,0,0,0,1,2400,
gauss_kernel_gpu,1109,1,1,19,128,4,0,4,0,1,2400,
gauss_kernel_gpu_collapse,7156,1,2,45000,128,4,0,4,0,1,2400,
gauss_kernel_gpu_mem,38953,1,1,19,128,46080004,0,46080004,46080000,1,2400,
gauss_kernel_gpu_collapse_mem,15050,1,2,45000,128,46080004,0,46080004,46080000,1,2400,
gauss_kernel_cpu,1968,0,1,1,128,0,0,0,0,1,2432,
gauss_kernel_cpu_collapse,2743,0,2,1,128,0,0,0,0,1,2432,
gauss_kernel_gpu,1068,1,1,19,128,4,0,4,0,1,2432,
gauss_kernel_gpu_collapse,7355,1,2,46208,128,4,0,4,0,1,2432,
gauss_kernel_gpu_mem,8834,1,1,19,128,47316996,0,47316996,47316992,1,2432,
gauss_kernel_gpu_collapse_mem,15154,1,2,46208,128,47316996,0,47316996,47316992,1,2432,
gauss_kernel_cpu,2015,0,1,1,128,0,0,0,0,1,2464,
gauss_kernel_cpu_collapse,2795,0,2,1,128,0,0,0,0,1,2464,
gauss_kernel_gpu,1117,1,1,20,128,4,0,4,0,1,2464,
gauss_kernel_gpu_collapse,7854,1,2,47432,128,4,0,4,0,1,2464,
gauss_kernel_gpu_mem,9237,1,1,20,128,48570372,0,48570372,48570368,1,2464,
gauss_kernel_gpu_collapse_mem,15833,1,2,47432,128,48570372,0,48570372,48570368,1,2464,
gauss_kernel_cpu,2091,0,1,1,128,0,0,0,0,1,2496,
gauss_kernel_cpu_collapse,2877,0,2,1,128,0,0,0,0,1,2496,
gauss_kernel_gpu,1127,1,1,20,128,4,0,4,0,1,2496,
gauss_kernel_gpu_collapse,8012,1,2,48672,128,4,0,4,0,1,2496,
gauss_kernel_gpu_mem,9622,1,1,20,128,49840132,0,49840132,49840128,1,2496,
gauss_kernel_gpu_collapse_mem,16373,1,2,48672,128,49840132,0,49840132,49840128,1,2496,
gauss_kernel_cpu,2095,0,1,1,128,0,0,0,0,1,2528,
gauss_kernel_cpu_collapse,2890,0,2,1,128,0,0,0,0,1,2528,
gauss_kernel_gpu,1110,1,1,20,128,4,0,4,0,1,2528,
gauss_kernel_gpu_collapse,7955,1,2,49928,128,4,0,4,0,1,2528,
gauss_kernel_gpu_mem,9580,1,1,20,128,51126276,0,51126276,51126272,1,2528,
gauss_kernel_gpu_collapse_mem,16414,1,2,49928,128,51126276,0,51126276,51126272,1,2528,
gauss_kernel_cpu,2138,0,1,1,128,0,0,0,0,1,2560,
gauss_kernel_cpu_collapse,2917,0,2,1,128,0,0,0,0,1,2560,
gauss_kernel_gpu,1193,1,1,20,128,4,0,4,0,1,2560,
gauss_kernel_gpu_collapse,8139,1,2,51200,128,4,0,4,0,1,2560,
gauss_kernel_gpu_mem,10217,1,1,20,128,52428804,0,52428804,52428800,1,2560,
gauss_kernel_gpu_collapse_mem,16891,1,2,51200,128,52428804,0,52428804,52428800,1,2560,
gauss_kernel_cpu,2137,0,1,1,128,0,0,0,0,1,2592,
gauss_kernel_cpu_collapse,3070,0,2,1,128,0,0,0,0,1,2592,
gauss_kernel_gpu,1157,1,1,21,128,4,0,4,0,1,2592,
gauss_kernel_gpu_collapse,8382,1,2,52488,128,4,0,4,0,1,2592,
gauss_kernel_gpu_mem,10349,1,1,21,128,53747716,0,53747716,53747712,1,2592,
gauss_kernel_gpu_collapse_mem,17317,1,2,52488,128,53747716,0,53747716,53747712,1,2592,
gauss_kernel_cpu,2280,0,1,1,128,0,0,0,0,1,2624,
gauss_kernel_cpu_collapse,3145,0,2,1,128,0,0,0,0,1,2624,
gauss_kernel_gpu,1163,1,1,21,128,4,0,4,0,1,2624,
gauss_kernel_gpu_collapse,8584,1,2,53792,128,4,0,4,0,1,2624,
gauss_kernel_gpu_mem,10746,1,1,21,128,55083012,0,55083012,55083008,1,2624,
gauss_kernel_gpu_collapse_mem,18008,1,2,53792,128,55083012,0,55083012,55083008,1,2624,
gauss_kernel_cpu,2287,0,1,1,128,0,0,0,0,1,2656,
gauss_kernel_cpu_collapse,3175,0,2,1,128,0,0,0,0,1,2656,
gauss_kernel_gpu,1194,1,1,21,128,4,0,4,0,1,2656,
gauss_kernel_gpu_collapse,8829,1,2,55112,128,4,0,4,0,1,2656,
gauss_kernel_gpu_mem,10607,1,1,21,128,56434692,0,56434692,56434688,1,2656,
gauss_kernel_gpu_collapse_mem,18258,1,2,55112,128,56434692,0,56434692,56434688,1,2656,
gauss_kernel_cpu,2328,0,1,1,128,0,0,0,0,1,2688,
gauss_kernel_cpu_collapse,3263,0,2,1,128,0,0,0,0,1,2688,
gauss_kernel_gpu,1231,1,1,21,128,4,0,4,0,1,2688,
gauss_kernel_gpu_collapse,9020,1,2,56448,128,4,0,4,0,1,2688,
gauss_kernel_gpu_mem,11251,1,1,21,128,57802756,0,57802756,57802752,1,2688,
gauss_kernel_gpu_collapse_mem,18898,1,2,56448,128,57802756,0,57802756,57802752,1,2688,
gauss_kernel_cpu,2349,0,1,1,128,0,0,0,0,1,2720,
gauss_kernel_cpu_collapse,3284,0,2,1,128,0,0,0,0,1,2720,
gauss_kernel_gpu,1251,1,1,22,128,4,0,4,0,1,2720,
gauss_kernel_gpu_collapse,9197,1,2,57800,128,4,0,4,0,1,2720,
gauss_kernel_gpu_mem,11399,1,1,22,128,59187204,0,59187204,59187200,1,2720,
gauss_kernel_gpu_collapse_mem,19179,1,2,57800,128,59187204,0,59187204,59187200,1,2720,
gauss_kernel_cpu,2394,0,1,1,128,0,0,0,0,1,2752,
gauss_kernel_cpu_collapse,3419,0,2,1,128,0,0,0,0,1,2752,
gauss_kernel_gpu,1217,1,1,22,128,4,0,4,0,1,2752,
gauss_kernel_gpu_collapse,9412,1,2,59168,128,4,0,4,0,1,2752,
gauss_kernel_gpu_mem,11977,1,1,22,128,60588036,0,60588036,60588032,1,2752,
gauss_kernel_gpu_collapse_mem,19918,1,2,59168,128,60588036,0,60588036,60588032,1,2752,
gauss_kernel_cpu,2405,0,1,1,128,0,0,0,0,1,2784,
gauss_kernel_cpu_collapse,3504,0,2,1,128,0,0,0,0,1,2784,
gauss_kernel_gpu,1241,1,1,22,128,4,0,4,0,1,2784,
gauss_kernel_gpu_collapse,9623,1,2,60552,128,4,0,4,0,1,2784,
gauss_kernel_gpu_mem,11855,1,1,22,128,62005252,0,62005252,62005248,1,2784,
gauss_kernel_gpu_collapse_mem,20200,1,2,60552,128,62005252,0,62005252,62005248,1,2784,
gauss_kernel_cpu,2531,0,1,1,128,0,0,0,0,1,2816,
gauss_kernel_cpu_collapse,3609,0,2,1,128,0,0,0,0,1,2816,
gauss_kernel_gpu,1231,1,1,22,128,4,0,4,0,1,2816,
gauss_kernel_gpu_collapse,9894,1,2,61952,128,4,0,4,0,1,2816,
gauss_kernel_gpu_mem,12541,1,1,22,128,63438852,0,63438852,63438848,1,2816,
gauss_kernel_gpu_collapse_mem,20814,1,2,61952,128,63438852,0,63438852,63438848,1,2816,
gauss_kernel_cpu,2583,0,1,1,128,0,0,0,0,1,2848,
gauss_kernel_cpu_collapse,3646,0,2,1,128,0,0,0,0,1,2848,
gauss_kernel_gpu,1285,1,1,23,128,4,0,4,0,1,2848,
gauss_kernel_gpu_collapse,10079,1,2,63368,128,4,0,4,0,1,2848,
gauss_kernel_gpu_mem,12490,1,1,23,128,64888836,0,64888836,64888832,1,2848,
gauss_kernel_gpu_collapse_mem,21127,1,2,63368,128,64888836,0,64888836,64888832,1,2848,
gauss_kernel_cpu,2675,0,1,1,128,0,0,0,0,1,2880,
gauss_kernel_cpu_collapse,3696,0,2,1,128,0,0,0,0,1,2880,
gauss_kernel_gpu,1333,1,1,23,128,4,0,4,0,1,2880,
gauss_kernel_gpu_collapse,10339,1,2,64800,128,4,0,4,0,1,2880,
gauss_kernel_gpu_mem,13181,1,1,23,128,66355204,0,66355204,66355200,1,2880,
gauss_kernel_gpu_collapse_mem,21903,1,2,64800,128,66355204,0,66355204,66355200,1,2880,
gauss_kernel_cpu,2669,0,1,1,128,0,0,0,0,1,2912,
gauss_kernel_cpu_collapse,3742,0,2,1,128,0,0,0,0,1,2912,
gauss_kernel_gpu,1285,1,1,23,128,4,0,4,0,1,2912,
gauss_kernel_gpu_collapse,10567,1,2,66248,128,4,0,4,0,1,2912,
gauss_kernel_gpu_mem,13172,1,1,23,128,67837956,0,67837956,67837952,1,2912,
gauss_kernel_gpu_collapse_mem,22253,1,2,66248,128,67837956,0,67837956,67837952,1,2912,
gauss_kernel_cpu,2736,0,1,1,128,0,0,0,0,1,2944,
gauss_kernel_cpu_collapse,3893,0,2,1,128,0,0,0,0,1,2944,
gauss_kernel_gpu,1297,1,1,23,128,4,0,4,0,1,2944,
gauss_kernel_gpu_collapse,10816,1,2,67712,128,4,0,4,0,1,2944,
gauss_kernel_gpu_mem,13834,1,1,23,128,69337092,0,69337092,69337088,1,2944,
gauss_kernel_gpu_collapse_mem,23131,1,2,67712,128,69337092,0,69337092,69337088,1,2944,
gauss_kernel_cpu,2811,0,1,1,128,0,0,0,0,1,2976,
gauss_kernel_cpu_collapse,3946,0,2,1,128,0,0,0,0,1,2976,
gauss_kernel_gpu,1361,1,1,24,128,4,0,4,0,1,2976,
gauss_kernel_gpu_collapse,11049,1,2,69192,128,4,0,4,0,1,2976,
gauss_kernel_gpu_mem,13946,1,1,24,128,70852612,0,70852612,70852608,1,2976,
gauss_kernel_gpu_collapse_mem,23359,1,2,69192,128,70852612,0,70852612,70852608,1,2976,
gauss_kernel_cpu,2901,0,1,1,128,0,0,0,0,1,3008,
gauss_kernel_cpu_collapse,4112,0,2,1,128,0,0,0,0,1,3008,
gauss_kernel_gpu,1338,1,1,24,128,4,0,4,0,1,3008,
gauss_kernel_gpu_collapse,11272,1,2,70688,128,4,0,4,0,1,3008,
gauss_kernel_gpu_mem,14287,1,1,24,128,72384516,0,72384516,72384512,1,3008,
gauss_kernel_gpu_collapse_mem,23949,1,2,70688,128,72384516,0,72384516,72384512,1,3008,
gauss_kernel_cpu,2899,0,1,1,128,0,0,0,0,1,3040,
gauss_kernel_cpu_collapse,4083,0,2,1,128,0,0,0,0,1,3040,
gauss_kernel_gpu,1400,1,1,24,128,4,0,4,0,1,3040,
gauss_kernel_gpu_collapse,11966,1,2,72200,128,4,0,4,0,1,3040,
gauss_kernel_gpu_mem,14926,1,1,24,128,73932804,0,73932804,73932800,1,3040,
gauss_kernel_gpu_collapse_mem,24948,1,2,72200,128,73932804,0,73932804,73932800,1,3040,
gauss_kernel_cpu,2970,0,1,1,128,0,0,0,0,1,3072,
gauss_kernel_cpu_collapse,3844,0,2,1,128,0,0,0,0,1,3072,
gauss_kernel_gpu,1412,1,1,24,128,4,0,4,0,1,3072,
gauss_kernel_gpu_collapse,11771,1,2,73728,128,4,0,4,0,1,3072,
gauss_kernel_gpu_mem,14669,1,1,24,128,75497476,0,75497476,75497472,1,3072,
gauss_kernel_gpu_collapse_mem,25074,1,2,73728,128,75497476,0,75497476,75497472,1,3072,
gauss_kernel_cpu,3019,0,1,1,128,0,0,0,0,1,3104,
gauss_kernel_cpu_collapse,4275,0,2,1,128,0,0,0,0,1,3104,
gauss_kernel_gpu,1398,1,1,25,128,4,0,4,0,1,3104,
gauss_kernel_gpu_collapse,11966,1,2,75272,128,4,0,4,0,1,3104,
gauss_kernel_gpu_mem,15332,1,1,25,128,77078532,0,77078532,77078528,1,3104,
gauss_kernel_gpu_collapse_mem,25703,1,2,75272,128,77078532,0,77078532,77078528,1,3104,
gauss_kernel_cpu,3186,0,1,1,128,0,0,0,0,1,3136,
gauss_kernel_cpu_collapse,4376,0,2,1,128,0,0,0,0,1,3136,
gauss_kernel_gpu,1401,1,1,25,128,4,0,4,0,1,3136,
gauss_kernel_gpu_collapse,12298,1,2,76832,128,4,0,4,0,1,3136,
gauss_kernel_gpu_mem,15518,1,1,25,128,78675972,0,78675972,78675968,1,3136,
gauss_kernel_gpu_collapse_mem,26316,1,2,76832,128,78675972,0,78675972,78675968,1,3136,
gauss_kernel_cpu,3152,0,1,1,128,0,0,0,0,1,3168,
gauss_kernel_cpu_collapse,4024,0,2,1,128,0,0,0,0,1,3168,
gauss_kernel_gpu,1420,1,1,25,128,4,0,4,0,1,3168,
gauss_kernel_gpu_collapse,12467,1,2,78408,128,4,0,4,0,1,3168,
gauss_kernel_gpu_mem,15699,1,1,25,128,80289796,0,80289796,80289792,1,3168,
gauss_kernel_gpu_collapse_mem,26743,1,2,78408,128,80289796,0,80289796,80289792,1,3168,
gauss_kernel_cpu,3242,0,1,1,128,0,0,0,0,1,3200,
gauss_kernel_cpu_collapse,4584,0,2,1,128,0,0,0,0,1,3200,
gauss_kernel_gpu,1500,1,1,25,128,4,0,4,0,1,3200,
gauss_kernel_gpu_collapse,12813,1,2,80000,128,4,0,4,0,1,3200,
gauss_kernel_gpu_mem,16590,1,1,25,128,81920004,0,81920004,81920000,1,3200,
gauss_kernel_gpu_collapse_mem,27674,1,2,80000,128,81920004,0,81920004,81920000,1,3200,
gauss_kernel_cpu,3268,0,1,1,128,0,0,0,0,1,3232,
gauss_kernel_cpu_collapse,4311,0,2,1,128,0,0,0,0,1,3232,
gauss_kernel_gpu,1456,1,1,26,128,4,0,4,0,1,3232,
gauss_kernel_gpu_collapse,13491,1,2,81608,128,4,0,4,0,1,3232,
gauss_kernel_gpu_mem,16712,1,1,26,128,83566596,0,83566596,83566592,1,3232,
gauss_kernel_gpu_collapse_mem,28657,1,2,81608,128,83566596,0,83566596,83566592,1,3232,
gauss_kernel_cpu,3435,0,1,1,128,0,0,0,0,1,3264,
gauss_kernel_cpu_collapse,4611,0,2,1,128,0,0,0,0,1,3264,
gauss_kernel_gpu,1498,1,1,26,128,4,0,4,0,1,3264,
gauss_kernel_gpu_collapse,13815,1,2,83232,128,4,0,4,0,1,3264,
gauss_kernel_gpu_mem,17293,1,1,26,128,85229572,0,85229572,85229568,1,3264,
gauss_kernel_gpu_collapse_mem,28542,1,2,83232,128,85229572,0,85229572,85229568,1,3264,
gauss_kernel_cpu,3467,0,1,1,128,0,0,0,0,1,3296,
gauss_kernel_cpu_collapse,4778,0,2,1,128,0,0,0,0,1,3296,
gauss_kernel_gpu,1484,1,1,26,128,4,0,4,0,1,3296,
gauss_kernel_gpu_collapse,13545,1,2,84872,128,4,0,4,0,1,3296,
gauss_kernel_gpu_mem,17698,1,1,26,128,86908932,0,86908932,86908928,1,3296,
gauss_kernel_gpu_collapse_mem,29547,1,2,84872,128,86908932,0,86908932,86908928,1,3296,
gauss_kernel_cpu,3541,0,1,1,128,0,0,0,0,1,3328,
gauss_kernel_cpu_collapse,4974,0,2,1,128,0,0,0,0,1,3328,
gauss_kernel_gpu,1496,1,1,26,128,4,0,4,0,1,3328,
gauss_kernel_gpu_collapse,13796,1,2,86528,128,4,0,4,0,1,3328,
gauss_kernel_gpu_mem,17800,1,1,26,128,88604676,0,88604676,88604672,1,3328,
gauss_kernel_gpu_collapse_mem,29867,1,2,86528,128,88604676,0,88604676,88604672,1,3328,
gauss_kernel_cpu,3585,0,1,1,128,0,0,0,0,1,3360,
gauss_kernel_cpu_collapse,5009,0,2,1,128,0,0,0,0,1,3360,
gauss_kernel_gpu,1565,1,1,27,128,4,0,4,0,1,3360,
gauss_kernel_gpu_collapse,14076,1,2,88200,128,4,0,4,0,1,3360,
gauss_kernel_gpu_mem,18885,1,1,27,128,90316804,0,90316804,90316800,1,3360,
gauss_kernel_gpu_collapse_mem,30935,1,2,88200,128,90316804,0,90316804,90316800,1,3360,
gauss_kernel_cpu,3555,0,1,1,128,0,0,0,0,1,3392,
gauss_kernel_cpu_collapse,4531,0,2,1,128,0,0,0,0,1,3392,
gauss_kernel_gpu,1534,1,1,27,128,4,0,4,0,1,3392,
gauss_kernel_gpu_collapse,14284,1,2,89888,128,4,0,4,0,1,3392,
gauss_kernel_gpu_mem,18800,1,1,27,128,92045316,0,92045316,92045312,1,3392,
gauss_kernel_gpu_collapse_mem,31330,1,2,89888,128,92045316,0,92045316,92045312,1,3392,
gauss_kernel_cpu,3756,0,1,1,128,0,0,0,0,1,3424,
gauss_kernel_cpu_collapse,5237,0,2,1,128,0,0,0,0,1,3424,
gauss_kernel_gpu,1517,1,1,27,128,4,0,4,0,1,3424,
gauss_kernel_gpu_collapse,14624,1,2,91592,128,4,0,4,0,1,3424,
gauss_kernel_gpu_mem,18812,1,1,27,128,93790212,0,93790212,93790208,1,3424,
gauss_kernel_gpu_collapse_mem,31721,1,2,91592,128,93790212,0,93790212,93790208,1,3424,
gauss_kernel_cpu,3645,0,1,1,128,0,0,0,0,1,3456,
gauss_kernel_cpu_collapse,4831,0,2,1,128,0,0,0,0,1,3456,
gauss_kernel_gpu,1581,1,1,27,128,4,0,4,0,1,3456,
gauss_kernel_gpu_collapse,14892,1,2,93312,128,4,0,4,0,1,3456,
gauss_kernel_gpu_mem,19570,1,1,27,128,95551492,0,95551492,95551488,1,3456,
gauss_kernel_gpu_collapse_mem,32776,1,2,93312,128,95551492,0,95551492,95551488,1,3456,
gauss_kernel_cpu,3782,0,1,1,128,0,0,0,0,1,3488,
gauss_kernel_cpu_collapse,4935,0,2,1,128,0,0,0,0,1,3488,
gauss_kernel_gpu,1560,1,1,28,128,4,0,4,0,1,3488,
gauss_kernel_gpu_collapse,15150,1,2,95048,128,4,0,4,0,1,3488,
gauss_kernel_gpu_mem,19979,1,1,28,128,97329156,0,97329156,97329152,1,3488,
gauss_kernel_gpu_collapse_mem,33772,1,2,95048,128,97329156,0,97329156,97329152,1,3488,
gauss_kernel_cpu,3834,0,1,1,128,0,0,0,0,1,3520,
gauss_kernel_cpu_collapse,5070,0,2,1,128,0,0,0,0,1,3520,
gauss_kernel_gpu,1656,1,1,28,128,4,0,4,0,1,3520,
gauss_kernel_gpu_collapse,15461,1,2,96800,128,4,0,4,0,1,3520,
gauss_kernel_gpu_mem,20039,1,1,28,128,99123204,0,99123204,99123200,1,3520,
gauss_kernel_gpu_collapse_mem,33653,1,2,96800,128,99123204,0,99123204,99123200,1,3520,
gauss_kernel_cpu,3947,0,1,1,128,0,0,0,0,1,3552,
gauss_kernel_cpu_collapse,5112,0,2,1,128,0,0,0,0,1,3552,
gauss_kernel_gpu,1644,1,1,28,128,4,0,4,0,1,3552,
gauss_kernel_gpu_collapse,15669,1,2,98568,128,4,0,4,0,1,3552,
gauss_kernel_gpu_mem,20703,1,1,28,128,100933636,0,100933636,100933632,1,3552,
gauss_kernel_gpu_collapse_mem,35092,1,2,98568,128,100933636,0,100933636,100933632,1,3552,
gauss_kernel_cpu,3915,0,1,1,128,0,0,0,0,1,3584,
gauss_kernel_cpu_collapse,5182,0,2,1,128,0,0,0,0,1,3584,
gauss_kernel_gpu,1574,1,1,28,128,4,0,4,0,1,3584,
gauss_kernel_gpu_collapse,15955,1,2,100352,128,4,0,4,0,1,3584,
gauss_kernel_gpu_mem,21077,1,1,28,128,102760452,0,102760452,102760448,1,3584,
gauss_kernel_gpu_collapse_mem,35251,1,2,100352,128,102760452,0,102760452,102760448,1,3584,
gauss_kernel_cpu,4131,0,1,1,128,0,0,0,0,1,3616,
gauss_kernel_cpu_collapse,5288,0,2,1,128,0,0,0,0,1,3616,
gauss_kernel_gpu,1628,1,1,29,128,4,0,4,0,1,3616,
gauss_kernel_gpu_collapse,16280,1,2,102152,128,4,0,4,0,1,3616,
gauss_kernel_gpu_mem,21258,1,1,29,128,104603652,0,104603652,104603648,1,3616,
gauss_kernel_gpu_collapse_mem,35697,1,2,102152,128,104603652,0,104603652,104603648,1,3616,
gauss_kernel_cpu,4166,0,1,1,128,0,0,0,0,1,3648,
gauss_kernel_cpu_collapse,5400,0,2,1,128,0,0,0,0,1,3648,
gauss_kernel_gpu,1686,1,1,29,128,4,0,4,0,1,3648,
gauss_kernel_gpu_collapse,16638,1,2,103968,128,4,0,4,0,1,3648,
gauss_kernel_gpu_mem,21837,1,1,29,128,106463236,0,106463236,106463232,1,3648,
gauss_kernel_gpu_collapse_mem,36853,1,2,103968,128,106463236,0,106463236,106463232,1,3648,
gauss_kernel_cpu,4195,0,1,1,128,0,0,0,0,1,3680,
gauss_kernel_cpu_collapse,5846,0,2,1,128,0,0,0,0,1,3680,
gauss_kernel_gpu,1707,1,1,29,128,4,0,4,0,1,3680,
gauss_kernel_gpu_collapse,17416,1,2,105800,128,4,0,4,0,1,3680,
gauss_kernel_gpu_mem,22260,1,1,29,128,108339204,0,108339204,108339200,1,3680,
gauss_kernel_gpu_collapse_mem,37404,1,2,105800,128,108339204,0,108339204,108339200,1,3680,
gauss_kernel_cpu,4285,0,1,1,128,0,0,0,0,1,3712,
gauss_kernel_cpu_collapse,5667,0,2,1,128,0,0,0,0,1,3712,
gauss_kernel_gpu,1656,1,1,29,128,4,0,4,0,1,3712,
gauss_kernel_gpu_collapse,17183,1,2,107648,128,4,0,4,0,1,3712,
gauss_kernel_gpu_mem,22350,1,1,29,128,110231556,0,110231556,110231552,1,3712,
gauss_kernel_gpu_collapse_mem,37540,1,2,107648,128,110231556,0,110231556,110231552,1,3712,
gauss_kernel_cpu,4308,0,1,1,128,0,0,0,0,1,3744,
gauss_kernel_cpu_collapse,5667,0,2,1,128,0,0,0,0,1,3744,
gauss_kernel_gpu,1698,1,1,30,128,4,0,4,0,1,3744,
gauss_kernel_gpu_collapse,18024,1,2,109512,128,4,0,4,0,1,3744,
gauss_kernel_gpu_mem,23133,1,1,30,128,112140292,0,112140292,112140288,1,3744,
gauss_kernel_gpu_collapse_mem,39546,1,2,109512,128,112140292,0,112140292,112140288,1,3744,
gauss_kernel_cpu,4419,0,1,1,128,0,0,0,0,1,3776,
gauss_kernel_cpu_collapse,4087,0,2,1,128,0,0,0,0,1,3776,
gauss_kernel_gpu,1702,1,1,30,128,4,0,4,0,1,3776,
gauss_kernel_gpu_collapse,17687,1,2,111392,128,4,0,4,0,1,3776,
gauss_kernel_gpu_mem,23539,1,1,30,128,114065412,0,114065412,114065408,1,3776,
gauss_kernel_gpu_collapse_mem,39466,1,2,111392,128,114065412,0,114065412,114065408,1,3776,
gauss_kernel_cpu,4566,0,1,1,128,0,0,0,0,1,3808,
gauss_kernel_cpu_collapse,5711,0,2,1,128,0,0,0,0,1,3808,
gauss_kernel_gpu,1748,1,1,30,128,4,0,4,0,1,3808,
gauss_kernel_gpu_collapse,18081,1,2,113288,128,4,0,4,0,1,3808,
gauss_kernel_gpu_mem,23511,1,1,30,128,116006916,0,116006916,116006912,1,3808,
gauss_kernel_gpu_collapse_mem,39880,1,2,113288,128,116006916,0,116006916,116006912,1,3808,
gauss_kernel_cpu,4577,0,1,1,128,0,0,0,0,1,3840,
gauss_kernel_cpu_collapse,5814,0,2,1,128,0,0,0,0,1,3840,
gauss_kernel_gpu,1823,1,1,30,128,4,0,4,0,1,3840,
gauss_kernel_gpu_collapse,19319,1,2,115200,128,4,0,4,0,1,3840,
gauss_kernel_gpu_mem,24930,1,1,30,128,117964804,0,117964804,117964800,1,3840,
gauss_kernel_gpu_collapse_mem,41215,1,2,115200,128,117964804,0,117964804,117964800,1,3840,
gauss_kernel_cpu,4763,0,1,1,128,0,0,0,0,1,3872,
gauss_kernel_cpu_collapse,5877,0,2,1,128,0,0,0,0,1,3872,
gauss_kernel_gpu,1764,1,1,31,128,4,0,4,0,1,3872,
gauss_kernel_gpu_collapse,18625,1,2,117128,128,4,0,4,0,1,3872,
gauss_kernel_gpu_mem,24250,1,1,31,128,119939076,0,119939076,119939072,1,3872,
gauss_kernel_gpu_collapse_mem,41172,1,2,117128,128,119939076,0,119939076,119939072,1,3872,
gauss_kernel_cpu,4711,0,1,1,128,0,0,0,0,1,3904,
gauss_kernel_cpu_collapse,6203,0,2,1,128,0,0,0,0,1,3904,
gauss_kernel_gpu,1751,1,1,31,128,4,0,4,0,1,3904,
gauss_kernel_gpu_collapse,18985,1,2,119072,128,4,0,4,0,1,3904,
gauss_kernel_gpu_mem,25604,1,1,31,128,121929732,0,121929732,121929728,1,3904,
gauss_kernel_gpu_collapse_mem,42893,1,2,119072,128,121929732,0,121929732,121929728,1,3904,
gauss_kernel_cpu,4647,0,1,1,128,0,0,0,0,1,3936,
gauss_kernel_cpu_collapse,6100,0,2,1,128,0,0,0,0,1,3936,
gauss_kernel_gpu,1800,1,1,31,128,4,0,4,0,1,3936,
gauss_kernel_gpu_collapse,19226,1,2,121032,128,4,0,4,0,1,3936,
gauss_kernel_gpu_mem,25274,1,1,31,128,123936772,0,123936772,123936768,1,3936,
gauss_kernel_gpu_collapse_mem,42671,1,2,121032,128,123936772,0,123936772,123936768,1,3936,
gauss_kernel_cpu,2962,0,1,1,128,0,0,0,0,1,3968,
gauss_kernel_cpu_collapse,4476,0,2,1,128,0,0,0,0,1,3968,
gauss_kernel_gpu,1787,1,1,31,128,4,0,4,0,1,3968,
gauss_kernel_gpu_collapse,19543,1,2,123008,128,4,0,4,0,1,3968,
gauss_kernel_gpu_mem,26593,1,1,31,128,125960196,0,125960196,125960192,1,3968,
gauss_kernel_gpu_collapse_mem,44209,1,2,123008,128,125960196,0,125960196,125960192,1,3968,
gauss_kernel_cpu,4986,0,1,1,128,0,0,0,0,1,4000,
gauss_kernel_cpu_collapse,6424,0,2,1,128,0,0,0,0,1,4000,
gauss_kernel_gpu,1861,1,1,32,128,4,0,4,0,1,4000,
gauss_kernel_gpu_collapse,19937,1,2,125000,128,4,0,4,0,1,4000,
gauss_kernel_gpu_mem,26164,1,1,32,128,128000004,0,128000004,128000000,1,4000,
gauss_kernel_gpu_collapse_mem,44275,1,2,125000,128,128000004,0,128000004,128000000,1,4000,
gauss_kernel_cpu,4975,0,1,1,128,0,0,0,0,1,4032,
gauss_kernel_cpu_collapse,6150,0,2,1,128,0,0,0,0,1,4032,
gauss_kernel_gpu,1884,1,1,32,128,4,0,4,0,1,4032,
gauss_kernel_gpu_collapse,20228,1,2,127008,128,4,0,4,0,1,4032,
gauss_kernel_gpu_mem,27299,1,1,32,128,130056196,0,130056196,130056192,1,4032,
gauss_kernel_gpu_collapse_mem,45752,1,2,127008,128,130056196,0,130056196,130056192,1,4032,
gauss_kernel_cpu,5091,0,1,1,128,0,0,0,0,1,4064,
gauss_kernel_cpu_collapse,6691,0,2,1,128,0,0,0,0,1,4064,
gauss_kernel_gpu,1807,1,1,32,128,4,0,4,0,1,4064,
gauss_kernel_gpu_collapse,20463,1,2,129032,128,4,0,4,0,1,4064,
gauss_kernel_gpu_mem,27535,1,1,32,128,132128772,0,132128772,132128768,1,4064,
gauss_kernel_gpu_collapse_mem,46286,1,2,129032,128,132128772,0,132128772,132128768,1,4064,
gauss_kernel_cpu,5243,0,1,1,128,0,0,0,0,1,4096,
gauss_kernel_cpu_collapse,6707,0,2,1,128,0,0,0,0,1,4096,
gauss_kernel_gpu,1756,1,1,32,128,4,0,4,0,1,4096,
gauss_kernel_gpu_collapse,20890,1,2,131072,128,4,0,4,0,1,4096,
gauss_kernel_gpu_mem,27872,1,1,32,128,134217732,0,134217732,134217728,1,4096,
gauss_kernel_gpu_collapse_mem,47029,1,2,131072,128,134217732,0,134217732,134217728,1,4096,
gauss_kernel_cpu,5138,0,1,1,128,0,0,0,0,1,4128,
gauss_kernel_cpu_collapse,6820,0,2,1,128,0,0,0,0,1,4128,
gauss_kernel_gpu,1843,1,1,33,128,4,0,4,0,1,4128,
gauss_kernel_gpu_collapse,21291,1,2,133128,128,4,0,4,0,1,4128,
gauss_kernel_gpu_mem,28417,1,1,33,128,136323076,0,136323076,136323072,1,4128,
gauss_kernel_gpu_collapse_mem,47837,1,2,133128,128,136323076,0,136323076,136323072,1,4128,
gauss_kernel_cpu,5466,0,1,1,128,0,0,0,0,1,4160,
gauss_kernel_cpu_collapse,6877,0,2,1,128,0,0,0,0,1,4160,
gauss_kernel_gpu,1950,1,1,33,128,4,0,4,0,1,4160,
gauss_kernel_gpu_collapse,21574,1,2,135200,128,4,0,4,0,1,4160,
gauss_kernel_gpu_mem,29172,1,1,33,128,138444804,0,138444804,138444800,1,4160,
gauss_kernel_gpu_collapse_mem,48798,1,2,135200,128,138444804,0,138444804,138444800,1,4160,
gauss_kernel_cpu,5410,0,1,1,128,0,0,0,0,1,4192,
gauss_kernel_cpu_collapse,6978,0,2,1,128,0,0,0,0,1,4192,
gauss_kernel_gpu,1937,1,1,33,128,4,0,4,0,1,4192,
gauss_kernel_gpu_collapse,21801,1,2,137288,128,4,0,4,0,1,4192,
gauss_kernel_gpu_mem,29110,1,1,33,128,140582916,0,140582916,140582912,1,4192,
gauss_kernel_gpu_collapse_mem,49031,1,2,137288,128,140582916,0,140582916,140582912,1,4192,
gauss_kernel_cpu,5375,0,1,1,128,0,0,0,0,1,4224,
gauss_kernel_cpu_collapse,6938,0,2,1,128,0,0,0,0,1,4224,
gauss_kernel_gpu,1937,1,1,33,128,4,0,4,0,1,4224,
gauss_kernel_gpu_collapse,22207,1,2,139392,128,4,0,4,0,1,4224,
gauss_kernel_gpu_mem,29844,1,1,33,128,142737412,0,142737412,142737408,1,4224,
gauss_kernel_gpu_collapse_mem,50987,1,2,139392,128,142737412,0,142737412,142737408,1,4224,
gauss_kernel_cpu,5547,0,1,1,128,0,0,0,0,1,4256,
gauss_kernel_cpu_collapse,7194,0,2,1,128,0,0,0,0,1,4256,
gauss_kernel_gpu,1933,1,1,34,128,4,0,4,0,1,4256,
gauss_kernel_gpu_collapse,22564,1,2,141512,128,4,0,4,0,1,4256,
gauss_kernel_gpu_mem,29912,1,1,34,128,144908292,0,144908292,144908288,1,4256,
gauss_kernel_gpu_collapse_mem,50629,1,2,141512,128,144908292,0,144908292,144908288,1,4256,
gauss_kernel_cpu,5699,0,1,1,128,0,0,0,0,1,4288,
gauss_kernel_cpu_collapse,7308,0,2,1,128,0,0,0,0,1,4288,
gauss_kernel_gpu,1942,1,1,34,128,4,0,4,0,1,4288,
gauss_kernel_gpu_collapse,22871,1,2,143648,128,4,0,4,0,1,4288,
gauss_kernel_gpu_mem,31363,1,1,34,128,147095556,0,147095556,147095552,1,4288,
gauss_kernel_gpu_collapse_mem,52424,1,2,143648,128,147095556,0,147095556,147095552,1,4288,
gauss_kernel_cpu,5721,0,1,1,128,0,0,0,0,1,4320,
gauss_kernel_cpu_collapse,7267,0,2,1,128,0,0,0,0,1,4320,
gauss_kernel_gpu,2023,1,1,34,128,4,0,4,0,1,4320,
gauss_kernel_gpu_collapse,23162,1,2,145800,128,4,0,4,0,1,4320,
gauss_kernel_gpu_mem,30486,1,1,34,128,149299204,0,149299204,149299200,1,4320,
gauss_kernel_gpu_collapse_mem,51651,1,2,145800,128,149299204,0,149299204,149299200,1,4320,
gauss_kernel_cpu,5802,0,1,1,128,0,0,0,0,1,4352,
gauss_kernel_cpu_collapse,7051,0,2,1,128,0,0,0,0,1,4352,
gauss_kernel_gpu,2036,1,1,34,128,4,0,4,0,1,4352,
gauss_kernel_gpu_collapse,23572,1,2,147968,128,4,0,4,0,1,4352,
gauss_kernel_gpu_mem,31455,1,1,34,128,151519236,0,151519236,151519232,1,4352,
gauss_kernel_gpu_collapse_mem,53016,1,2,147968,128,151519236,0,151519236,151519232,1,4352,
gauss_kernel_cpu,5891,0,1,1,128,0,0,0,0,1,4384,
gauss_kernel_cpu_collapse,7604,0,2,1,128,0,0,0,0,1,4384,
gauss_kernel_gpu,1999,1,1,35,128,4,0,4,0,1,4384,
gauss_kernel_gpu_collapse,23927,1,2,150152,128,4,0,4,0,1,4384,
gauss_kernel_gpu_mem,31771,1,1,35,128,153755652,0,153755652,153755648,1,4384,
gauss_kernel_gpu_collapse_mem,53798,1,2,150152,128,153755652,0,153755652,153755648,1,4384,
gauss_kernel_cpu,5883,0,1,1,128,0,0,0,0,1,4416,
gauss_kernel_cpu_collapse,7144,0,2,1,128,0,0,0,0,1,4416,
gauss_kernel_gpu,2025,1,1,35,128,4,0,4,0,1,4416,
gauss_kernel_gpu_collapse,24250,1,2,152352,128,4,0,4,0,1,4416,
gauss_kernel_gpu_mem,31187,1,1,35,128,156008452,0,156008452,156008448,1,4416,
gauss_kernel_gpu_collapse_mem,53753,1,2,152352,128,156008452,0,156008452,156008448,1,4416,
gauss_kernel_cpu,5960,0,1,1,128,0,0,0,0,1,4448,
gauss_kernel_cpu_collapse,8185,0,2,1,128,0,0,0,0,1,4448,
gauss_kernel_gpu,2034,1,1,35,128,4,0,4,0,1,4448,
gauss_kernel_gpu_collapse,24548,1,2,154568,128,4,0,4,0,1,4448,
gauss_kernel_gpu_mem,33595,1,1,35,128,158277636,0,158277636,158277632,1,4448,
gauss_kernel_gpu_collapse_mem,56118,1,2,154568,128,158277636,0,158277636,158277632,1,4448,
gauss_kernel_cpu,6194,0,1,1,128,0,0,0,0,1,4480,
gauss_kernel_cpu_collapse,6913,0,2,1,128,0,0,0,0,1,4480,
gauss_kernel_gpu,2135,1,1,35,128,4,0,4,0,1,4480,
gauss_kernel_gpu_collapse,24938,1,2,156800,128,4,0,4,0,1,4480,
gauss_kernel_gpu_mem,33186,1,1,35,128,160563204,0,160563204,160563200,1,4480,
gauss_kernel_gpu_collapse_mem,56162,1,2,156800,128,160563204,0,160563204,160563200,1,4480,
gauss_kernel_cpu,6441,0,1,1,128,0,0,0,0,1,4512,
gauss_kernel_cpu_collapse,6710,0,2,1,128,0,0,0,0,1,4512,
gauss_kernel_gpu,2093,1,1,36,128,4,0,4,0,1,4512,
gauss_kernel_gpu_collapse,25310,1,2,159048,128,4,0,4,0,1,4512,
gauss_kernel_gpu_mem,33489,1,1,36,128,162865156,0,162865156,162865152,1,4512,
gauss_kernel_gpu_collapse_mem,56814,1,2,159048,128,162865156,0,162865156,162865152,1,4512,
gauss_kernel_cpu,6349,0,1,1,128,0,0,0,0,1,4544,
gauss_kernel_cpu_collapse,7802,0,2,1,128,0,0,0,0,1,4544,
gauss_kernel_gpu,2103,1,1,36,128,4,0,4,0,1,4544,
gauss_kernel_gpu_collapse,25653,1,2,161312,128,4,0,4,0,1,4544,
gauss_kernel_gpu_mem,33990,1,1,36,128,165183492,0,165183492,165183488,1,4544,
gauss_kernel_gpu_collapse_mem,57753,1,2,161312,128,165183492,0,165183492,165183488,1,4544,
gauss_kernel_cpu,6344,0,1,1,128,0,0,0,0,1,4576,
gauss_kernel_cpu_collapse,8170,0,2,1,128,0,0,0,0,1,4576,
gauss_kernel_gpu,2127,1,1,36,128,4,0,4,0,1,4576,
gauss_kernel_gpu_collapse,26066,1,2,163592,128,4,0,4,0,1,4576,
gauss_kernel_gpu_mem,35079,1,1,36,128,167518212,0,167518212,167518208,1,4576,
gauss_kernel_gpu_collapse_mem,59237,1,2,163592,128,167518212,0,167518212,167518208,1,4576,
gauss_kernel_cpu,6406,0,1,1,128,0,0,0,0,1,4608,
gauss_kernel_cpu_collapse,6607,0,2,1,128,0,0,0,0,1,4608,
gauss_kernel_gpu,2136,1,1,36,128,4,0,4,0,1,4608,
gauss_kernel_gpu_collapse,26458,1,2,165888,128,4,0,4,0,1,4608,
gauss_kernel_gpu_mem,34855,1,1,36,128,169869316,0,169869316,169869312,1,4608,
gauss_kernel_gpu_collapse_mem,59305,1,2,165888,128,169869316,0,169869316,169869312,1,4608,
gauss_kernel_cpu,6604,0,1,1,128,0,0,0,0,1,4640,
gauss_kernel_cpu_collapse,5987,0,2,1,128,0,0,0,0,1,4640,
gauss_kernel_gpu,2192,1,1,37,128,4,0,4,0,1,4640,
gauss_kernel_gpu_collapse,26795,1,2,168200,128,4,0,4,0,1,4640,
gauss_kernel_gpu_mem,35259,1,1,37,128,172236804,0,172236804,172236800,1,4640,
gauss_kernel_gpu_collapse_mem,59989,1,2,168200,128,172236804,0,172236804,172236800,1,4640,
gauss_kernel_cpu,6596,0,1,1,128,0,0,0,0,1,4672,
gauss_kernel_cpu_collapse,6389,0,2,1,128,0,0,0,0,1,4672,
gauss_kernel_gpu,2170,1,1,37,128,4,0,4,0,1,4672,
gauss_kernel_gpu_collapse,27167,1,2,170528,128,4,0,4,0,1,4672,
gauss_kernel_gpu_mem,37014,1,1,37,128,174620676,0,174620676,174620672,1,4672,
gauss_kernel_gpu_collapse_mem,61589,1,2,170528,128,174620676,0,174620676,174620672,1,4672,
gauss_kernel_cpu,6754,0,1,1,128,0,0,0,0,1,4704,
gauss_kernel_cpu_collapse,6528,0,2,1,128,0,0,0,0,1,4704,
gauss_kernel_gpu,2184,1,1,37,128,4,0,4,0,1,4704,
gauss_kernel_gpu_collapse,27455,1,2,172872,128,4,0,4,0,1,4704,
gauss_kernel_gpu_mem,37923,1,1,37,128,177020932,0,177020932,177020928,1,4704,
gauss_kernel_gpu_collapse_mem,62931,1,2,172872,128,177020932,0,177020932,177020928,1,4704,
gauss_kernel_cpu,6815,0,1,1,128,0,0,0,0,1,4736,
gauss_kernel_cpu_collapse,7071,0,2,1,128,0,0,0,0,1,4736,
gauss_kernel_gpu,2152,1,1,37,128,4,0,4,0,1,4736,
gauss_kernel_gpu_collapse,27950,1,2,175232,128,4,0,4,0,1,4736,
gauss_kernel_gpu_mem,36878,1,1,37,128,179437572,0,179437572,179437568,1,4736,
gauss_kernel_gpu_collapse_mem,62716,1,2,175232,128,179437572,0,179437572,179437568,1,4736,
gauss_kernel_cpu,6761,0,1,1,128,0,0,0,0,1,4768,
gauss_kernel_cpu_collapse,6454,0,2,1,128,0,0,0,0,1,4768,
gauss_kernel_gpu,2200,1,1,38,128,4,0,4,0,1,4768,
gauss_kernel_gpu_collapse,28257,1,2,177608,128,4,0,4,0,1,4768,
gauss_kernel_gpu_mem,37493,1,1,38,128,181870596,0,181870596,181870592,1,4768,
gauss_kernel_gpu_collapse_mem,63024,1,2,177608,128,181870596,0,181870596,181870592,1,4768,
gauss_kernel_cpu,6908,0,1,1,128,0,0,0,0,1,4800,
gauss_kernel_cpu_collapse,6725,0,2,1,128,0,0,0,0,1,4800,
gauss_kernel_gpu,2290,1,1,38,128,4,0,4,0,1,4800,
gauss_kernel_gpu_collapse,28548,1,2,180000,128,4,0,4,0,1,4800,
gauss_kernel_gpu_mem,37919,1,1,38,128,184320004,0,184320004,184320000,1,4800,
gauss_kernel_gpu_collapse_mem,64247,1,2,180000,128,184320004,0,184320004,184320000,1,4800,
gauss_kernel_cpu,7113,0,1,1,128,0,0,0,0,1,4832,
gauss_kernel_cpu_collapse,6403,0,2,1,128,0,0,0,0,1,4832,
gauss_kernel_gpu,2245,1,1,38,128,4,0,4,0,1,4832,
gauss_kernel_gpu_collapse,29070,1,2,182408,128,4,0,4,0,1,4832,
gauss_kernel_gpu_mem,38255,1,1,38,128,186785796,0,186785796,186785792,1,4832,
gauss_kernel_gpu_collapse_mem,65077,1,2,182408,128,186785796,0,186785796,186785792,1,4832,
gauss_kernel_cpu,7223,0,1,1,128,0,0,0,0,1,4864,
gauss_kernel_cpu_collapse,6569,0,2,1,128,0,0,0,0,1,4864,
gauss_kernel_gpu,2237,1,1,38,128,4,0,4,0,1,4864,
gauss_kernel_gpu_collapse,29427,1,2,184832,128,4,0,4,0,1,4864,
gauss_kernel_gpu_mem,38820,1,1,38,128,189267972,0,189267972,189267968,1,4864,
gauss_kernel_gpu_collapse_mem,66192,1,2,184832,128,189267972,0,189267972,189267968,1,4864,
gauss_kernel_cpu,7266,0,1,1,128,0,0,0,0,1,4896,
gauss_kernel_cpu_collapse,6692,0,2,1,128,0,0,0,0,1,4896,
gauss_kernel_gpu,2288,1,1,39,128,4,0,4,0,1,4896,
gauss_kernel_gpu_collapse,11390,1,2,187272,128,4,0,4,0,1,4896,
gauss_kernel_gpu_mem,38390,1,1,39,128,191766532,0,191766532,191766528,1,4896,
gauss_kernel_gpu_collapse_mem,47530,1,2,187272,128,191766532,0,191766532,191766528,1,4896,
gauss_kernel_cpu,7286,0,1,1,128,0,0,0,0,1,4928,
gauss_kernel_cpu_collapse,6930,0,2,1,128,0,0,0,0,1,4928,
gauss_kernel_gpu,2301,1,1,39,128,4,0,4,0,1,4928,
gauss_kernel_gpu_collapse,30120,1,2,189728,128,4,0,4,0,1,4928,
gauss_kernel_gpu_mem,40532,1,1,39,128,194281476,0,194281476,194281472,1,4928,
gauss_kernel_gpu_collapse_mem,68485,1,2,189728,128,194281476,0,194281476,194281472,1,4928,
gauss_kernel_cpu,7482,0,1,1,128,0,0,0,0,1,4960,
gauss_kernel_cpu_collapse,7332,0,2,1,128,0,0,0,0,1,4960,
gauss_kernel_gpu,2350,1,1,39,128,4,0,4,0,1,4960,
gauss_kernel_gpu_collapse,30622,1,2,192200,128,4,0,4,0,1,4960,
gauss_kernel_gpu_mem,40309,1,1,39,128,196812804,0,196812804,196812800,1,4960,
gauss_kernel_gpu_collapse_mem,68768,1,2,192200,128,196812804,0,196812804,196812800,1,4960,
gauss_kernel_cpu,7630,0,1,1,128,0,0,0,0,1,4992,
gauss_kernel_cpu_collapse,7350,0,2,1,128,0,0,0,0,1,4992,
gauss_kernel_gpu,2377,1,1,39,128,4,0,4,0,1,4992,
gauss_kernel_gpu_collapse,30925,1,2,194688,128,4,0,4,0,1,4992,
gauss_kernel_gpu_mem,41137,1,1,39,128,199360516,0,199360516,199360512,1,4992,
gauss_kernel_gpu_collapse_mem,69068,1,2,194688,128,199360516,0,199360516,199360512,1,4992,
gauss_kernel_cpu,7600,0,1,1,128,0,0,0,0,1,5024,
gauss_kernel_cpu_collapse,7200,0,2,1,128,0,0,0,0,1,5024,
gauss_kernel_gpu,2342,1,1,40,128,4,0,4,0,1,5024,
gauss_kernel_gpu_collapse,21712,1,2,197192,128,4,0,4,0,1,5024,
gauss_kernel_gpu_mem,41337,1,1,40,128,201924612,0,201924612,201924608,1,5024,
gauss_kernel_gpu_collapse_mem,61828,1,2,197192,128,201924612,0,201924612,201924608,1,5024,
gauss_kernel_cpu,7754,0,1,1,128,0,0,0,0,1,5056,
gauss_kernel_cpu_collapse,7871,0,2,1,128,0,0,0,0,1,5056,
gauss_kernel_gpu,2318,1,1,40,128,4,0,4,0,1,5056,
gauss_kernel_gpu_collapse,31692,1,2,199712,128,4,0,4,0,1,5056,
gauss_kernel_gpu_mem,41832,1,1,40,128,204505092,0,204505092,204505088,1,5056,
gauss_kernel_gpu_collapse_mem,71010,1,2,199712,128,204505092,0,204505092,204505088,1,5056,
gauss_kernel_cpu,7793,0,1,1,128,0,0,0,0,1,5088,
gauss_kernel_cpu_collapse,7750,0,2,1,128,0,0,0,0,1,5088,
gauss_kernel_gpu,2390,1,1,40,128,4,0,4,0,1,5088,
gauss_kernel_gpu_collapse,32221,1,2,202248,128,4,0,4,0,1,5088,
gauss_kernel_gpu_mem,42973,1,1,40,128,207101956,0,207101956,207101952,1,5088,
gauss_kernel_gpu_collapse_mem,72892,1,2,202248,128,207101956,0,207101956,207101952,1,5088,
gauss_kernel_cpu,42158,0,1,1,128,0,0,0,0,1,5120,
gauss_kernel_cpu_collapse,7666,0,2,1,128,0,0,0,0,1,5120,
gauss_kernel_gpu,2454,1,1,40,128,4,0,4,0,1,5120,
gauss_kernel_gpu_collapse,32516,1,2,204800,128,4,0,4,0,1,5120,
gauss_kernel_gpu_mem,43424,1,1,40,128,209715204,0,209715204,209715200,1,5120,
gauss_kernel_gpu_collapse_mem,72867,1,2,204800,128,209715204,0,209715204,209715200,1,5120,
gauss_kernel_cpu,43887,0,1,1,128,0,0,0,0,1,5152,
gauss_kernel_cpu_collapse,7337,0,2,1,128,0,0,0,0,1,5152,
gauss_kernel_gpu,2411,1,1,41,128,4,0,4,0,1,5152,
gauss_kernel_gpu_collapse,32983,1,2,207368,128,4,0,4,0,1,5152,
gauss_kernel_gpu_mem,43478,1,1,41,128,212344836,0,212344836,212344832,1,5152,
gauss_kernel_gpu_collapse_mem,74145,1,2,207368,128,212344836,0,212344836,212344832,1,5152,
gauss_kernel_cpu,44296,0,1,1,128,0,0,0,0,1,5184,
gauss_kernel_cpu_collapse,7850,0,2,1,128,0,0,0,0,1,5184,
gauss_kernel_gpu,2487,1,1,41,128,4,0,4,0,1,5184,
gauss_kernel_gpu_collapse,33334,1,2,209952,128,4,0,4,0,1,5184,
gauss_kernel_gpu_mem,43397,1,1,41,128,214990852,0,214990852,214990848,1,5184,
gauss_kernel_gpu_collapse_mem,74366,1,2,209952,128,214990852,0,214990852,214990848,1,5184,
gauss_kernel_cpu,8073,0,1,1,128,0,0,0,0,1,5216,
gauss_kernel_cpu_collapse,8116,0,2,1,128,0,0,0,0,1,5216,
gauss_kernel_gpu,2531,1,1,41,128,4,0,4,0,1,5216,
gauss_kernel_gpu_collapse,33888,1,2,212552,128,4,0,4,0,1,5216,
gauss_kernel_gpu_mem,43942,1,1,41,128,217653252,0,217653252,217653248,1,5216,
gauss_kernel_gpu_collapse_mem,75908,1,2,212552,128,217653252,0,217653252,217653248,1,5216,
gauss_kernel_cpu,44805,0,1,1,128,0,0,0,0,1,5248,
gauss_kernel_cpu_collapse,7602,0,2,1,128,0,0,0,0,1,5248,
gauss_kernel_gpu,2608,1,1,41,128,4,0,4,0,1,5248,
gauss_kernel_gpu_collapse,34139,1,2,215168,128,4,0,4,0,1,5248,
gauss_kernel_gpu_mem,44905,1,1,41,128,220332036,0,220332036,220332032,1,5248,
gauss_kernel_gpu_collapse_mem,76506,1,2,215168,128,220332036,0,220332036,220332032,1,5248,
gauss_kernel_cpu,8110,0,1,1,128,0,0,0,0,1,5280,
gauss_kernel_cpu_collapse,8285,0,2,1,128,0,0,0,0,1,5280,
gauss_kernel_gpu,2707,1,1,42,128,4,0,4,0,1,5280,
gauss_kernel_gpu_collapse,34536,1,2,217800,128,4,0,4,0,1,5280,
gauss_kernel_gpu_mem,45706,1,1,42,128,223027204,0,223027204,223027200,1,5280,
gauss_kernel_gpu_collapse_mem,77650,1,2,217800,128,223027204,0,223027204,223027200,1,5280,
gauss_kernel_cpu,44309,0,1,1,128,0,0,0,0,1,5312,
gauss_kernel_cpu_collapse,7745,0,2,1,128,0,0,0,0,1,5312,
gauss_kernel_gpu,2665,1,1,42,128,4,0,4,0,1,5312,
gauss_kernel_gpu_collapse,34967,1,2,220448,128,4,0,4,0,1,5312,
gauss_kernel_gpu_mem,45868,1,1,42,128,225738756,0,225738756,225738752,1,5312,
gauss_kernel_gpu_collapse_mem,78307,1,2,220448,128,225738756,0,225738756,225738752,1,5312,
gauss_kernel_cpu,44254,0,1,1,128,0,0,0,0,1,5344,
gauss_kernel_cpu_collapse,9518,0,2,1,128,0,0,0,0,1,5344,
gauss_kernel_gpu,2659,1,1,42,128,4,0,4,0,1,5344,
gauss_kernel_gpu_collapse,35554,1,2,223112,128,4,0,4,0,1,5344,
gauss_kernel_gpu_mem,46234,1,1,42,128,228466692,0,228466692,228466688,1,5344,
gauss_kernel_gpu_collapse_mem,79258,1,2,223112,128,228466692,0,228466692,228466688,1,5344,
gauss_kernel_cpu,8209,0,1,1,128,0,0,0,0,1,5376,
gauss_kernel_cpu_collapse,14321,0,2,1,128,0,0,0,0,1,5376,
gauss_kernel_gpu,2778,1,1,42,128,4,0,4,0,1,5376,
gauss_kernel_gpu_collapse,35916,1,2,225792,128,4,0,4,0,1,5376,
gauss_kernel_gpu_mem,47130,1,1,42,128,231211012,0,231211012,231211008,1,5376,
gauss_kernel_gpu_collapse_mem,80300,1,2,225792,128,231211012,0,231211012,231211008,1,5376,
gauss_kernel_cpu,8183,0,1,1,128,0,0,0,0,1,5408,
gauss_kernel_cpu_collapse,8872,0,2,1,128,0,0,0,0,1,5408,
gauss_kernel_gpu,2721,1,1,43,128,4,0,4,0,1,5408,
gauss_kernel_gpu_collapse,36215,1,2,228488,128,4,0,4,0,1,5408,
gauss_kernel_gpu_mem,47363,1,1,43,128,233971716,0,233971716,233971712,1,5408,
gauss_kernel_gpu_collapse_mem,81025,1,2,228488,128,233971716,0,233971716,233971712,1,5408,
gauss_kernel_cpu,8214,0,1,1,128,0,0,0,0,1,5440,
gauss_kernel_cpu_collapse,10483,0,2,1,128,0,0,0,0,1,5440,
gauss_kernel_gpu,2800,1,1,43,128,4,0,4,0,1,5440,
gauss_kernel_gpu_collapse,36830,1,2,231200,128,4,0,4,0,1,5440,
gauss_kernel_gpu_mem,47924,1,1,43,128,236748804,0,236748804,236748800,1,5440,
gauss_kernel_gpu_collapse_mem,82194,1,2,231200,128,236748804,0,236748804,236748800,1,5440,
gauss_kernel_cpu,8493,0,1,1,128,0,0,0,0,1,5472,
gauss_kernel_cpu_collapse,14105,0,2,1,128,0,0,0,0,1,5472,
gauss_kernel_gpu,2825,1,1,43,128,4,0,4,0,1,5472,
gauss_kernel_gpu_collapse,37073,1,2,233928,128,4,0,4,0,1,5472,
gauss_kernel_gpu_mem,48582,1,1,43,128,239542276,0,239542276,239542272,1,5472,
gauss_kernel_gpu_collapse_mem,82935,1,2,233928,128,239542276,0,239542276,239542272,1,5472,
gauss_kernel_cpu,44241,0,1,1,128,0,0,0,0,1,5504,
gauss_kernel_cpu_collapse,4590,0,2,1,128,0,0,0,0,1,5504,
gauss_kernel_gpu,2761,1,1,43,128,4,0,4,0,1,5504,
gauss_kernel_gpu_collapse,37508,1,2,236672,128,4,0,4,0,1,5504,
gauss_kernel_gpu_mem,49047,1,1,43,128,242352132,0,242352132,242352128,1,5504,
gauss_kernel_gpu_collapse_mem,83964,1,2,236672,128,242352132,0,242352132,242352128,1,5504,
gauss_kernel_cpu,8502,0,1,1,128,0,0,0,0,1,5536,
gauss_kernel_cpu_collapse,4494,0,2,1,128,0,0,0,0,1,5536,
gauss_kernel_gpu,2798,1,1,44,128,4,0,4,0,1,5536,
gauss_kernel_gpu_collapse,38107,1,2,239432,128,4,0,4,0,1,5536,
gauss_kernel_gpu_mem,49647,1,1,44,128,245178372,0,245178372,245178368,1,5536,
gauss_kernel_gpu_collapse_mem,85169,1,2,239432,128,245178372,0,245178372,245178368,1,5536,
gauss_kernel_cpu,8533,0,1,1,128,0,0,0,0,1,5568,
gauss_kernel_cpu_collapse,12241,0,2,1,128,0,0,0,0,1,5568,
gauss_kernel_gpu,2811,1,1,44,128,4,0,4,0,1,5568,
gauss_kernel_gpu_collapse,38406,1,2,242208,128,4,0,4,0,1,5568,
gauss_kernel_gpu_mem,50036,1,1,44,128,248020996,0,248020996,248020992,1,5568,
gauss_kernel_gpu_collapse_mem,85510,1,2,242208,128,248020996,0,248020996,248020992,1,5568,
gauss_kernel_cpu,8638,0,1,1,128,0,0,0,0,1,5600,
gauss_kernel_cpu_collapse,13788,0,2,1,128,0,0,0,0,1,5600,
gauss_kernel_gpu,2922,1,1,44,128,4,0,4,0,1,5600,
gauss_kernel_gpu_collapse,38987,1,2,245000,128,4,0,4,0,1,5600,
gauss_kernel_gpu_mem,51155,1,1,44,128,250880004,0,250880004,250880000,1,5600,
gauss_kernel_gpu_collapse_mem,87518,1,2,245000,128,250880004,0,250880004,250880000,1,5600,
gauss_kernel_cpu,8704,0,1,1,128,0,0,0,0,1,5632,
gauss_kernel_cpu_collapse,12095,0,2,1,128,0,0,0,0,1,5632,
gauss_kernel_gpu,2786,1,1,44,128,4,0,4,0,1,5632,
gauss_kernel_gpu_collapse,39325,1,2,247808,128,4,0,4,0,1,5632,
gauss_kernel_gpu_mem,51927,1,1,44,128,253755396,0,253755396,253755392,1,5632,
gauss_kernel_gpu_collapse_mem,88304,1,2,247808,128,253755396,0,253755396,253755392,1,5632,
gauss_kernel_cpu,8915,0,1,1,128,0,0,0,0,1,5664,
gauss_kernel_cpu_collapse,4645,0,2,1,128,0,0,0,0,1,5664,
gauss_kernel_gpu,2896,1,1,45,128,4,0,4,0,1,5664,
gauss_kernel_gpu_collapse,39991,1,2,250632,128,4,0,4,0,1,5664,
gauss_kernel_gpu_mem,52753,1,1,45,128,256647172,0,256647172,256647168,1,5664,
gauss_kernel_gpu_collapse_mem,89084,1,2,250632,128,256647172,0,256647172,256647168,1,5664,
gauss_kernel_cpu,49891,0,1,1,128,0,0,0,0,1,5696,
gauss_kernel_cpu_collapse,15337,0,2,1,128,0,0,0,0,1,5696,
gauss_kernel_gpu,2914,1,1,45,128,4,0,4,0,1,5696,
gauss_kernel_gpu_collapse,40317,1,2,253472,128,4,0,4,0,1,5696,
gauss_kernel_gpu_mem,52638,1,1,45,128,259555332,0,259555332,259555328,1,5696,
gauss_kernel_gpu_collapse_mem,90201,1,2,253472,128,259555332,0,259555332,259555328,1,5696,
gauss_kernel_cpu,45287,0,1,1,128,0,0,0,0,1,5728,
gauss_kernel_cpu_collapse,13516,0,2,1,128,0,0,0,0,1,5728,
gauss_kernel_gpu,2909,1,1,45,128,4,0,4,0,1,5728,
gauss_kernel_gpu_collapse,40696,1,2,256328,128,4,0,4,0,1,5728,
gauss_kernel_gpu_mem,53082,1,1,45,128,262479876,0,262479876,262479872,1,5728,
gauss_kernel_gpu_collapse_mem,90943,1,2,256328,128,262479876,0,262479876,262479872,1,5728,
gauss_kernel_cpu,45831,0,1,1,128,0,0,0,0,1,5760,
gauss_kernel_cpu_collapse,14593,0,2,1,128,0,0,0,0,1,5760,
gauss_kernel_gpu,2993,1,1,45,128,4,0,4,0,1,5760,
gauss_kernel_gpu_collapse,41258,1,2,259200,128,4,0,4,0,1,5760,
gauss_kernel_gpu_mem,54086,1,1,45,128,265420804,0,265420804,265420800,1,5760,
gauss_kernel_gpu_collapse_mem,91575,1,2,259200,128,265420804,0,265420804,265420800,1,5760,
gauss_kernel_cpu,45605,0,1,1,128,0,0,0,0,1,5792,
gauss_kernel_cpu_collapse,12494,0,2,1,128,0,0,0,0,1,5792,
gauss_kernel_gpu,2925,1,1,46,128,4,0,4,0,1,5792,
gauss_kernel_gpu_collapse,41840,1,2,262088,128,4,0,4,0,1,5792,
gauss_kernel_gpu_mem,54363,1,1,46,128,268378116,0,268378116,268378112,1,5792,
gauss_kernel_gpu_collapse_mem,93380,1,2,262088,128,268378116,0,268378116,268378112,1,5792,
gauss_kernel_cpu,47886,0,1,1,128,0,0,0,0,1,5824,
gauss_kernel_cpu_collapse,14324,0,2,1,128,0,0,0,0,1,5824,
gauss_kernel_gpu,2926,1,1,46,128,4,0,4,0,1,5824,
gauss_kernel_gpu_collapse,41970,1,2,264992,128,4,0,4,0,1,5824,
gauss_kernel_gpu_mem,54545,1,1,46,128,271351812,0,271351812,271351808,1,5824,
gauss_kernel_gpu_collapse_mem,93830,1,2,264992,128,271351812,0,271351812,271351808,1,5824,
gauss_kernel_cpu,48058,0,1,1,128,0,0,0,0,1,5856,
gauss_kernel_cpu_collapse,15009,0,2,1,128,0,0,0,0,1,5856,
gauss_kernel_gpu,2976,1,1,46,128,4,0,4,0,1,5856,
gauss_kernel_gpu_collapse,42635,1,2,267912,128,4,0,4,0,1,5856,
gauss_kernel_gpu_mem,55561,1,1,46,128,274341892,0,274341892,274341888,1,5856,
gauss_kernel_gpu_collapse_mem,95355,1,2,267912,128,274341892,0,274341892,274341888,1,5856,
gauss_kernel_cpu,47818,0,1,1,128,0,0,0,0,1,5888,
gauss_kernel_cpu_collapse,13609,0,2,1,128,0,0,0,0,1,5888,
gauss_kernel_gpu,2952,1,1,46,128,4,0,4,0,1,5888,
gauss_kernel_gpu_collapse,43106,1,2,270848,128,4,0,4,0,1,5888,
gauss_kernel_gpu_mem,56219,1,1,46,128,277348356,0,277348356,277348352,1,5888,
gauss_kernel_gpu_collapse_mem,96558,1,2,270848,128,277348356,0,277348356,277348352,1,5888,
gauss_kernel_cpu,12394,0,1,1,128,0,0,0,0,1,5920,
gauss_kernel_cpu_collapse,5636,0,2,1,128,0,0,0,0,1,5920,
gauss_kernel_gpu,3072,1,1,47,128,4,0,4,0,1,5920,
gauss_kernel_gpu_collapse,43472,1,2,273800,128,4,0,4,0,1,5920,
gauss_kernel_gpu_mem,57393,1,1,47,128,280371204,0,280371204,280371200,1,5920,
gauss_kernel_gpu_collapse_mem,97958,1,2,273800,128,280371204,0,280371204,280371200,1,5920,
gauss_kernel_cpu,11080,0,1,1,128,0,0,0,0,1,5952,
gauss_kernel_cpu_collapse,15868,0,2,1,128,0,0,0,0,1,5952,
gauss_kernel_gpu,3118,1,1,47,128,4,0,4,0,1,5952,
gauss_kernel_gpu_collapse,44087,1,2,276768,128,4,0,4,0,1,5952,
gauss_kernel_gpu_mem,56323,1,1,47,128,283410436,0,283410436,283410432,1,5952,
gauss_kernel_gpu_collapse_mem,97491,1,2,276768,128,283410436,0,283410436,283410432,1,5952,
gauss_kernel_cpu,11486,0,1,1,128,0,0,0,0,1,5984,
gauss_kernel_cpu_collapse,11536,0,2,1,128,0,0,0,0,1,5984,
gauss_kernel_gpu,3132,1,1,47,128,4,0,4,0,1,5984,
gauss_kernel_gpu_collapse,44371,1,2,279752,128,4,0,4,0,1,5984,
gauss_kernel_gpu_mem,58562,1,1,47,128,286466052,0,286466052,286466048,1,5984,
gauss_kernel_gpu_collapse_mem,103447,1,2,279752,128,286466052,0,286466052,286466048,1,5984,
gauss_kernel_cpu,10963,0,1,1,128,0,0,0,0,1,6016,
gauss_kernel_cpu_collapse,15662,0,2,1,128,0,0,0,0,1,6016,
gauss_kernel_gpu,3063,1,1,47,128,4,0,4,0,1,6016,
gauss_kernel_gpu_collapse,45014,1,2,282752,128,4,0,4,0,1,6016,
gauss_kernel_gpu_mem,58376,1,1,47,128,289538052,0,289538052,289538048,1,6016,
gauss_kernel_gpu_collapse_mem,100445,1,2,282752,128,289538052,0,289538052,289538048,1,6016,
gauss_kernel_cpu,11497,0,1,1,128,0,0,0,0,1,6048,
gauss_kernel_cpu_collapse,10830,0,2,1,128,0,0,0,0,1,6048,
gauss_kernel_gpu,3142,1,1,48,128,4,0,4,0,1,6048,
gauss_kernel_gpu_collapse,45498,1,2,285768,128,4,0,4,0,1,6048,
gauss_kernel_gpu_mem,59192,1,1,48,128,292626436,0,292626436,292626432,1,6048,
gauss_kernel_gpu_collapse_mem,101733,1,2,285768,128,292626436,0,292626436,292626432,1,6048,
gauss_kernel_cpu,11434,0,1,1,128,0,0,0,0,1,6080,
gauss_kernel_cpu_collapse,6466,0,2,1,128,0,0,0,0,1,6080,
gauss_kernel_gpu,3195,1,1,48,128,4,0,4,0,1,6080,
gauss_kernel_gpu_collapse,45989,1,2,288800,128,4,0,4,0,1,6080,
gauss_kernel_gpu_mem,60638,1,1,48,128,295731204,0,295731204,295731200,1,6080,
gauss_kernel_gpu_collapse_mem,102749,1,2,288800,128,295731204,0,295731204,295731200,1,6080,
gauss_kernel_cpu,11627,0,1,1,128,0,0,0,0,1,6112,
gauss_kernel_cpu_collapse,9977,0,2,1,128,0,0,0,0,1,6112,
gauss_kernel_gpu,3098,1,1,48,128,4,0,4,0,1,6112,
gauss_kernel_gpu_collapse,46251,1,2,291848,128,4,0,4,0,1,6112,
gauss_kernel_gpu_mem,60032,1,1,48,128,298852356,0,298852356,298852352,1,6112,
gauss_kernel_gpu_collapse_mem,103869,1,2,291848,128,298852356,0,298852356,298852352,1,6112,
gauss_kernel_cpu,11186,0,1,1,128,0,0,0,0,1,6144,
gauss_kernel_cpu_collapse,10266,0,2,1,128,0,0,0,0,1,6144,
gauss_kernel_gpu,3184,1,1,48,128,4,0,4,0,1,6144,
gauss_kernel_gpu_collapse,46925,1,2,294912,128,4,0,4,0,1,6144,
gauss_kernel_gpu_mem,61980,1,1,48,128,301989892,0,301989892,301989888,1,6144,
gauss_kernel_gpu_collapse_mem,105968,1,2,294912,128,301989892,0,301989892,301989888,1,6144,
gauss_kernel_cpu,11869,0,1,1,128,0,0,0,0,1,6176,
gauss_kernel_cpu_collapse,15185,0,2,1,128,0,0,0,0,1,6176,
gauss_kernel_gpu,3135,1,1,49,128,4,0,4,0,1,6176,
gauss_kernel_gpu_collapse,47349,1,2,297992,128,4,0,4,0,1,6176,
gauss_kernel_gpu_mem,60936,1,1,49,128,305143812,0,305143812,305143808,1,6176,
gauss_kernel_gpu_collapse_mem,105432,1,2,297992,128,305143812,0,305143812,305143808,1,6176,
gauss_kernel_cpu,11748,0,1,1,128,0,0,0,0,1,6208,
gauss_kernel_cpu_collapse,6720,0,2,1,128,0,0,0,0,1,6208,
gauss_kernel_gpu,3221,1,1,49,128,4,0,4,0,1,6208,
gauss_kernel_gpu_collapse,47784,1,2,301088,128,4,0,4,0,1,6208,
gauss_kernel_gpu_mem,62291,1,1,49,128,308314116,0,308314116,308314112,1,6208,
gauss_kernel_gpu_collapse_mem,106869,1,2,301088,128,308314116,0,308314116,308314112,1,6208,
gauss_kernel_cpu,12247,0,1,1,128,0,0,0,0,1,6240,
gauss_kernel_cpu_collapse,5401,0,2,1,128,0,0,0,0,1,6240,
gauss_kernel_gpu,3301,1,1,49,128,4,0,4,0,1,6240,
gauss_kernel_gpu_collapse,48382,1,2,304200,128,4,0,4,0,1,6240,
gauss_kernel_gpu_mem,62850,1,1,49,128,311500804,0,311500804,311500800,1,6240,
gauss_kernel_gpu_collapse_mem,108523,1,2,304200,128,311500804,0,311500804,311500800,1,6240,
gauss_kernel_cpu,11927,0,1,1,128,0,0,0,0,1,6272,
gauss_kernel_cpu_collapse,5335,0,2,1,128,0,0,0,0,1,6272,
gauss_kernel_gpu,3195,1,1,49,128,4,0,4,0,1,6272,
gauss_kernel_gpu_collapse,48926,1,2,307328,128,4,0,4,0,1,6272,
gauss_kernel_gpu_mem,62483,1,1,49,128,314703876,0,314703876,314703872,1,6272,
gauss_kernel_gpu_collapse_mem,109051,1,2,307328,128,314703876,0,314703876,314703872,1,6272,
gauss_kernel_cpu,12156,0,1,1,128,0,0,0,0,1,6304,
gauss_kernel_cpu_collapse,6291,0,2,1,128,0,0,0,0,1,6304,
gauss_kernel_gpu,3318,1,1,50,128,4,0,4,0,1,6304,
gauss_kernel_gpu_collapse,51742,1,2,310472,128,4,0,4,0,1,6304,
gauss_kernel_gpu_mem,63663,1,1,50,128,317923332,0,317923332,317923328,1,6304,
gauss_kernel_gpu_collapse_mem,111990,1,2,310472,128,317923332,0,317923332,317923328,1,6304,
gauss_kernel_cpu,12188,0,1,1,128,0,0,0,0,1,6336,
gauss_kernel_cpu_collapse,17814,0,2,1,128,0,0,0,0,1,6336,
gauss_kernel_gpu,3256,1,1,50,128,4,0,4,0,1,6336,
gauss_kernel_gpu_collapse,49820,1,2,313632,128,4,0,4,0,1,6336,
gauss_kernel_gpu_mem,64517,1,1,50,128,321159172,0,321159172,321159168,1,6336,
gauss_kernel_gpu_collapse_mem,111051,1,2,313632,128,321159172,0,321159172,321159168,1,6336,
gauss_kernel_cpu,11759,0,1,1,128,0,0,0,0,1,6368,
gauss_kernel_cpu_collapse,6486,0,2,1,128,0,0,0,0,1,6368,
gauss_kernel_gpu,3273,1,1,50,128,4,0,4,0,1,6368,
gauss_kernel_gpu_collapse,50413,1,2,316808,128,4,0,4,0,1,6368,
gauss_kernel_gpu_mem,65124,1,1,50,128,324411396,0,324411396,324411392,1,6368,
gauss_kernel_gpu_collapse_mem,112506,1,2,316808,128,324411396,0,324411396,324411392,1,6368,
gauss_kernel_cpu,13808,0,1,1,128,0,0,0,0,1,6400,
gauss_kernel_cpu_collapse,12989,0,2,1,128,0,0,0,0,1,6400,
gauss_kernel_gpu,3378,1,1,50,128,4,0,4,0,1,6400,
gauss_kernel_gpu_collapse,50998,1,2,320000,128,4,0,4,0,1,6400,
gauss_kernel_gpu_mem,66001,1,1,50,128,327680004,0,327680004,327680000,1,6400,
gauss_kernel_gpu_collapse_mem,113788,1,2,320000,128,327680004,0,327680004,327680000,1,6400,
gauss_kernel_cpu,12343,0,1,1,128,0,0,0,0,1,6432,
gauss_kernel_cpu_collapse,6424,0,2,1,128,0,0,0,0,1,6432,
gauss_kernel_gpu,3325,1,1,51,128,4,0,4,0,1,6432,
gauss_kernel_gpu_collapse,51291,1,2,323208,128,4,0,4,0,1,6432,
gauss_kernel_gpu_mem,65135,1,1,51,128,330964996,0,330964996,330964992,1,6432,
gauss_kernel_gpu_collapse_mem,113335,1,2,323208,128,330964996,0,330964996,330964992,1,6432,
gauss_kernel_cpu,12252,0,1,1,128,0,0,0,0,1,6464,
gauss_kernel_cpu_collapse,14067,0,2,1,128,0,0,0,0,1,6464,
gauss_kernel_gpu,3361,1,1,51,128,4,0,4,0,1,6464,
gauss_kernel_gpu_collapse,51992,1,2,326432,128,4,0,4,0,1,6464,
gauss_kernel_gpu_mem,68111,1,1,51,128,334266372,0,334266372,334266368,1,6464,
gauss_kernel_gpu_collapse_mem,115914,1,2,326432,128,334266372,0,334266372,334266368,1,6464,
gauss_kernel_cpu,13208,0,1,1,128,0,0,0,0,1,6496,
gauss_kernel_cpu_collapse,6633,0,2,1,128,0,0,0,0,1,6496,
gauss_kernel_gpu,3360,1,1,51,128,4,0,4,0,1,6496,
gauss_kernel_gpu_collapse,52476,1,2,329672,128,4,0,4,0,1,6496,
gauss_kernel_gpu_mem,67588,1,1,51,128,337584132,0,337584132,337584128,1,6496,
gauss_kernel_gpu_collapse_mem,116990,1,2,329672,128,337584132,0,337584132,337584128,1,6496,
gauss_kernel_cpu,12465,0,1,1,128,0,0,0,0,1,6528,
gauss_kernel_cpu_collapse,6243,0,2,1,128,0,0,0,0,1,6528,
gauss_kernel_gpu,3418,1,1,51,128,4,0,4,0,1,6528,
gauss_kernel_gpu_collapse,55523,1,2,332928,128,4,0,4,0,1,6528,
gauss_kernel_gpu_mem,68289,1,1,51,128,340918276,0,340918276,340918272,1,6528,
gauss_kernel_gpu_collapse_mem,120519,1,2,332928,128,340918276,0,340918276,340918272,1,6528,
gauss_kernel_cpu,12978,0,1,1,128,0,0,0,0,1,6560,
gauss_kernel_cpu_collapse,6825,0,2,1,128,0,0,0,0,1,6560,
gauss_kernel_gpu,3478,1,1,52,128,4,0,4,0,1,6560,
gauss_kernel_gpu_collapse,53535,1,2,336200,128,4,0,4,0,1,6560,
gauss_kernel_gpu_mem,68698,1,1,52,128,344268804,0,344268804,344268800,1,6560,
gauss_kernel_gpu_collapse_mem,120974,1,2,336200,128,344268804,0,344268804,344268800,1,6560,
gauss_kernel_cpu,12753,0,1,1,128,0,0,0,0,1,6592,
gauss_kernel_cpu_collapse,7770,0,2,1,128,0,0,0,0,1,6592,
gauss_kernel_gpu,3414,1,1,52,128,4,0,4,0,1,6592,
gauss_kernel_gpu_collapse,54064,1,2,339488,128,4,0,4,0,1,6592,
gauss_kernel_gpu_mem,68817,1,1,52,128,347635716,0,347635716,347635712,1,6592,
gauss_kernel_gpu_collapse_mem,119670,1,2,339488,128,347635716,0,347635716,347635712,1,6592,
gauss_kernel_cpu,12749,0,1,1,128,0,0,0,0,1,6624,
gauss_kernel_cpu_collapse,7226,0,2,1,128,0,0,0,0,1,6624,
gauss_kernel_gpu,3472,1,1,52,128,4,0,4,0,1,6624,
gauss_kernel_gpu_collapse,54584,1,2,342792,128,4,0,4,0,1,6624,
gauss_kernel_gpu_mem,70160,1,1,52,128,351019012,0,351019012,351019008,1,6624,
gauss_kernel_gpu_collapse_mem,121491,1,2,342792,128,351019012,0,351019012,351019008,1,6624,
gauss_kernel_cpu,14598,0,1,1,128,0,0,0,0,1,6656,
gauss_kernel_cpu_collapse,7101,0,2,1,128,0,0,0,0,1,6656,
gauss_kernel_gpu,3458,1,1,52,128,4,0,4,0,1,6656,
gauss_kernel_gpu_collapse,55085,1,2,346112,128,4,0,4,0,1,6656,
gauss_kernel_gpu_mem,70910,1,1,52,128,354418692,0,354418692,354418688,1,6656,
gauss_kernel_gpu_collapse_mem,122745,1,2,346112,128,354418692,0,354418692,354418688,1,6656,
gauss_kernel_cpu,13285,0,1,1,128,0,0,0,0,1,6688,
gauss_kernel_cpu_collapse,8004,0,2,1,128,0,0,0,0,1,6688,
gauss_kernel_gpu,3505,1,1,53,128,4,0,4,0,1,6688,
gauss_kernel_gpu_collapse,55554,1,2,349448,128,4,0,4,0,1,6688,
gauss_kernel_gpu_mem,71516,1,1,53,128,357834756,0,357834756,357834752,1,6688,
gauss_kernel_gpu_collapse_mem,123973,1,2,349448,128,357834756,0,357834756,357834752,1,6688,
